,Data Scientist,Data Engineer,Product Manager,Business Analyst,Database Administrator
0,statistic,data,product,business,database
1,mathematics,university computer,strategy,analyst,sql
2,analytics,kpmg,market,requirement,implementation
3,operation research,pipeline data,sale,business analyst,procedure
4,science,azure,manager,system,dba
5,science statistic,aws,plan,business system,support
6,statistic mathematics,stack,develop,analysis,backup recovery
7,method,data processing,revenue,design,creates
8,engineering,degree accredited,team develop,experience,database administrator
9,computer science,pipeline,pricing,need,production
10,mathematics computer,setting,target,solution,design
11,computer,accredited college,lifecycle,diagram,architect
12,clinical,college university,strategic,process,administrator
13,master degree,data mining,product manager,document,recovery
14,related field,science computer,new,business need,assist
15,operation,computer engineering,responsible,business analysis,backup
16,research,variety,life cycle,state,design implementation
17,related,mining,roadmap,current,database design
18,master,computer,cycle,year,software
19,experience,university,new product,technology,hardware
20,personnel,accredited,team,global,application
21,field,technology,responsibility,support,provides
22,statistical,algorithm,life,technical,day
23,machine learning,college,opportunity,rule,upgrade
24,machine,processing,development implementation,experience business,monitor
25,analytic,science,includes,field,performance
26,learning,engineering related,enable,interface,system
27,statistical analysis,client,develop new,forecasting,high
28,optimization,data science,developing,using,microsoft
29,two year,test,growth,user,sql server
30,also,implement,research,use case,implement
31,translate,engineering,value,definition,server
32,data,programming language,leading,business process,maintenance
33,degree,field minimum,marketing,data mining,oracle
34,two,four year,improve,system design,implementation maintenance
35,analysis,four,service,implementation,equivalent work
36,financial,language,knowledge,translate,availability
37,physic,related field,work,business related,compliance
38,engineering related,year,performance,mining,development
39,technique,big data,experience,technical business,policy
40,advanced,multiple,implementation,activity,development team
41,year,big,concept,risk,field equivalent
42,key,programming,closely,documentation,best practice
43,computational,bachelor degree,cross,various,improve
44,using,minimum,management,perform,tuning
45,enable,computer science,requirement,technique,ba
46,university computer,bachelor,technical,enhancement,monitoring
47,field minimum,related,development,team,level
48,relevant experience,two year,offering,case,work experience
49,visualization,field,executive,existing,structure
50,used,two,customer,program,information technology
51,year relevant,degree,present,related,standard
52,azure,architect,major,finance,specification
53,strong,experience,top,information,identify
54,relationship,year experience,product design,information technology,group
55,accredited college,performance,join,planning,architecture
56,group,post,retail,use,complex
57,driven,practice,potential,end,environment
58,ability,performance tuning,leadership,platform,best
59,college university,potential,develop execute,integration,science related
60,design,power,product line,bachelor degree,practice
61,background,performing,vision,required,test
62,phd,perform,identifying,test,multi
63,data mining,people,brand,functional,administration
64,collaborate,platform,functional team,bachelor,plan
65,mining,position,overall,year experience,platform
66,accredited,performs,looking,help,responsible
67,university,posse,organization,client,performing
68,algorithm,person,objective,including,strong
69,college,play,evaluate,degree,team
70,developing,personnel,develop implement,data,equivalent
71,minimum,phase,portfolio,relevant experience,knowledge
72,question,phd,cross functional,year relevant,customer
73,understand,portfolio,enterprise,step,technical
74,large,physic,commercial,creates,activity
75,responsible,policy,focused,gather,information
76,relevant,physical,education,develop,experience
77,modeling,plus,multi,present,wide
78,working,plan,execute,associate,technology
79,year experience,planning,line,consistent,vendor
80,information,predictive,meet,script,related field
81,technical,ability,include,minimum year,data
82,tool,preferably,activity,driver,installation
83,structured,providing,engineering,recommendation,maintaining
84,related experience,project,work closely,life cycle,package
85,power,project management,key,technical product,technical expertise
86,material,protected,product strategy,accounting,work
87,electrical engineering,prototype,class,directly,responsibility
88,answering,proven,well,future state,high level
89,experience data,provide,world,unit,general
90,strong technical,provide technical,collaborate,corporate,software development
91,bi,provides,deliver,field preferred,computer science
92,least,python,working,workflow,supporting
93,effectively,proficiency,functional,cycle,database administration
94,large scale,qa,driving,end end,computer
95,electrical,qualified,partner,appropriate,coordinate
96,data driven,quality,implement,efficiency,related
97,hand,quantitative,technology,function,implementing
98,mathematics statistic,quantitative field,process,identifying,project
99,result,query,year,approach,field
