,Business Analyst,Database Administrator,Data Engineer,Data Scientist,Data Analyst,Data Architect,Product Manager
0,business,database,data,analytics,data,service,product
1,requirement,sql,stack,statistical analysis,health,integration,sale
2,analyst,implementation,aws,mathematics,clinical,firm,strategy
3,document,maintenance,azure,analysis,program,availability,product manager
4,technical,dba,data processing,statistic,analysis,year experience,market
5,analysis,performance,degree accredited,science statistic,data analyst,implementation,manager
6,technology,monitoring,pipeline,engineering,determine,data,develop
7,experience,tuning,setting,operation research,information,year,customer
8,business analyst,upgrade,accredited college,advanced,ass,architecture,team
9,process,production,computer engineering,statistical,analysis data,project,concept
10,information technology,database design,college university,method,evaluate,software,product line
11,translate,support,science computer,minimum,design,experience,product strategy
12,business process,procedure,technology,science,related,strategy,line
13,business analysis,assist,data mining,master degree,analyst,development,present
14,system,administration,variety,computer science,outcome,bi,product design
15,information,security,mining,data scientist,data analysis,etl,identifying
16,using,design implementation,computer,operation,research,team,pricing
17,enterprise,server,algorithm,computer,software,tool,demonstrated
18,implementing,software,university,scientist,also,work,engineering
19,business system,application,accredited,research,experience,lead,partner
20,modeling,performance tuning,processing,master,proficiency,marketing,broad
21,technical business,provides,college,personnel,executive,degree computer,expected
22,end,installation,engineering related,social medium,life cycle,database,front
23,specification,backup,science,mathematics computer,development,business user,base
24,case,design,data science,experience,apply,field develop,plan
25,gather,include,test,engineering computer,cycle,data architecture,deep
26,wide,standard,programming language,medium,record,position,marketing
27,front,implement,client,analytic,creative,technology,success
28,functional,testing,field minimum,network,software development,related field,design
29,owner,perform,four year,digital,experience required,azure,product management
30,solution,information,four,data,year related,statistic related,story
31,act,equivalent work,implement,mathematics statistic,principle,engineering mathematics,content
32,analysis experience,general,language,optimization,system,analysis design,team develop
33,diagram,work,engineering,around,year,aspect,launch
34,use,responsible,big data,also,related field,automation,responsible
35,application,configuration,big,social,logical,validation,ability
36,interface,database administration,multiple,conduct,using,recommendation,execute
37,creating,monitor,programming,engineering related,assigned,data warehouse,function
38,future state,development,minimum,financial,enterprise data,setting,must
39,consistent,compliance,year,plus,potential,develop implement,understanding
40,technical product,structured,related field,time,accounting,warehouse,platform
41,year,policy,bachelor degree,related field,full,ad,position
42,gathering,development team,computer science,technique,life,job,tool
43,life cycle,aspect,bachelor,discipline,component,computer science,need
44,user,recovery,related,looking,creating,field year,new
45,supporting,hardware,field,decision,extract,data modeling,analytics
46,state,technical expertise,degree,well,bachelor degree,database design,software
47,field preferred,team,experience,key,physical,hand,including
48,cycle,best practice,two year,quantitative,experience data,experience data,experience developing
49,implementation,ba,two,related,evaluation,requires,direct
50,department,field equivalent,architect,model,service,mathematics statistic,life cycle
51,use case,work experience,year experience,field,method,computer,executive
52,bachelor degree,improve,potential,training,bachelor,highly,cycle
53,definition,evaluation,pattern,using,study,part,top
54,specific,structure,passion,degree,across,documentation,new product
55,language,technical,power,relevant experience,equivalent experience,related,management
56,related technical,problem,posse,field minimum,field equivalent,business intelligence,major
57,demonstrated,microsoft,practice,two year,leadership,strategic,roadmap
58,area,information technology,predictive,year relevant,providing,microsoft,support
59,business requirement,related,party,statistic mathematics,data set,science,join
60,providing,specification,post,two,efficiency,work closely,responsibility
61,bachelor,including,person,physic,within,field,work
62,technical field,group,position,accredited college,database design,individual,retail
63,within,best,plan,college university,stakeholder,architect,life
64,future,related field,performs,phd,social,develop,vision
65,life,planning,phase,background,methodology,degree,potential
66,current,practice,phd,algorithm,field,design,creating
67,well,science related,physic,university,programming,intelligence,leadership
68,support,platform,physical,accredited,improvement,server,execution
69,concept,expertise,preferably,college,key,business,release
70,design,architecture,performing,understand,execute,science related,field required
71,various,computer science,planning,relevant,degree,closely,looking
72,stakeholder,strong,policy,entry,training,science engineering,commercial
73,degree,storage,performance tuning,design,high,testing,overall
74,position,equivalent,platform,strong,client,expertise,multi
75,test,performs,play,ability,discipline,platform,organization
76,closely,computer,plus,providing,conduct,modeling,focused
77,preferred,ability work,performance,data science,cost,implement,related technical
78,ability,knowledge,personnel,year,set,user,department
79,related,science,people,level,role,mathematics,technical field
80,computer,experience,perform,better,enterprise,statistic,technical
81,develop,field,ability,product development,member,analytics,feature
82,degree computer,maintaining,preferred,principle,analyze,including,closely
83,project,tool,prepare,problem,developing,bachelor degree,cross
84,relevant experience,able,prototype,procedure,opportunity,system,expert
85,experience required,technology,proven,process,position,bachelor,developing
86,end user,system,provide,processing,application,agile,experience
87,experience business,stored,provide technical,product,standard,non,ba
88,year relevant,optimization,provides,product design,responsible,engineering,communicate
89,business partner,must,providing,product line,model,analysis,class
90,organizational,engineering,python,presentation,analytics,technical,enterprise
91,equivalent combination,direct,qa,product management,provide,practice,key
92,configuration,state art,qualified,product manager,year experience,requirement,research
93,management,package,qualified applicant,product strategy,quantitative,technical design,include
94,degree information,enterprise,quality,production,equivalent,vendor,training
95,user story,integration,quantitative,professional,quality,pattern,opportunity
96,scope,analysis,quantitative field,proficiency,required,people,world
97,enable,art,query,program,including,perform,ensure
98,objective,needed,question,programming,performance,via,internal
99,class,manager,race,pricing,knowledge,veteran status,deliver
