,Business Analyst,Data Scientist,Product Manager,Database Administrator,Data Engineer
0,0.085,0.665,0.165,0.035,0.05
1,0.025,0.88,0.035,0.01,0.05
2,0.06,0.81,0.03,0.015,0.085
3,0.17,0.72,0.055,0.03,0.025
4,0.0,0.005,0.025,0.01,0.96
5,0.15,0.14,0.185,0.2,0.325
6,0.04,0.115,0.025,0.025,0.795
7,0.105,0.085,0.1,0.015,0.695
8,0.055,0.11,0.01,0.5,0.325
9,0.1,0.05,0.095,0.05,0.705
10,0.01,0.025,0.935,0.0,0.03
11,0.235,0.005,0.715,0.03,0.015
12,0.075,0.025,0.85,0.005,0.045
13,0.085,0.025,0.8,0.04,0.05
14,0.015,0.01,0.91,0.015,0.05
15,0.085,0.015,0.865,0.015,0.02
16,0.065,0.035,0.825,0.025,0.05
17,0.035,0.02,0.935,0.005,0.005
18,0.005,0.005,0.98,0.005,0.005
19,0.145,0.035,0.78,0.02,0.02
20,0.07,0.005,0.885,0.02,0.02
21,0.035,0.02,0.9,0.02,0.025
22,0.05,0.03,0.87,0.015,0.035
23,0.04,0.015,0.92,0.005,0.02
24,0.0,0.005,0.985,0.005,0.005
25,0.125,0.005,0.76,0.1,0.01
26,0.14,0.055,0.725,0.03,0.05
27,0.035,0.8645833333333333,0.02,0.005,0.07541666666666667
28,0.14333333333333334,0.715,0.07,0.06166666666666667,0.01
29,0.175,0.03,0.085,0.02,0.69
30,0.0,0.005,0.025,0.01,0.96
31,0.0,0.01,0.0,0.005,0.985
32,0.055,0.1416666666666667,0.02,0.07,0.7133333333333334
33,0.16,0.085,0.63,0.055,0.07
34,0.07,0.04,0.745,0.065,0.08
35,0.015,0.9416666666666665,0.0,0.005,0.03833333333333333
36,0.03,0.91,0.01,0.005,0.045
37,0.04,0.035,0.02,0.01,0.895
38,0.03,0.12,0.035,0.03,0.785
39,0.145,0.015,0.04,0.16,0.64
40,0.025,0.245,0.015,0.035,0.68
41,0.01,0.025,0.95,0.0,0.015
42,0.035,0.005,0.945,0.005,0.01
43,0.105,0.005,0.855,0.025,0.01
44,0.15,0.015,0.815,0.005,0.015
45,0.02,0.01,0.925,0.025,0.02
46,0.02166666666666667,0.005,0.07,0.8883333333333334,0.015
47,0.06,0.11,0.02,0.77,0.04
48,0.02,0.03,0.02,0.875,0.055
49,0.0125,0.005,0.025,0.9375,0.02
50,0.07,0.0,0.01,0.905,0.015
51,0.055,0.76,0.055,0.05,0.08
52,0.155,0.695,0.02,0.035,0.095
53,0.025,0.88,0.05,0.005,0.04
54,0.06,0.82,0.02,0.035,0.065
55,0.03,0.72,0.025,0.035,0.19
56,0.035,0.82,0.055,0.0,0.09
57,0.06,0.765,0.09,0.035,0.05
58,0.045,0.905,0.005,0.015,0.03
59,0.02,0.78625,0.025,0.11,0.05875
60,0.015,0.955,0.005,0.01,0.015
61,0.04,0.875,0.015,0.03,0.04
62,0.04,0.715,0.175,0.035,0.035
63,0.005,0.74,0.11,0.035,0.11
64,0.01,0.965,0.0,0.0,0.025
65,0.005,0.835,0.015,0.01,0.135
66,0.255,0.24,0.3,0.11,0.095
67,0.14,0.735,0.015,0.01,0.1
68,0.01,0.875,0.075,0.0,0.04
69,0.05,0.05,0.07,0.03,0.8
70,0.295,0.14,0.07,0.36,0.135
71,0.14,0.085,0.03,0.085,0.66
72,0.075,0.065,0.05,0.17,0.64
73,0.0,0.0,0.0,0.0,1.0
74,0.13,0.045,0.105,0.055,0.665
75,0.0,0.01,0.0,0.005,0.985
76,0.08,0.35,0.035,0.25,0.285
77,0.04,0.095,0.055,0.135,0.675
78,0.015,0.11,0.035,0.04,0.8
79,0.04,0.13,0.03,0.015,0.785
80,0.0,0.0,0.0,0.0,1.0
81,0.025,0.01,0.955,0.005,0.005
82,0.055,0.0,0.915,0.015,0.015
83,0.12,0.01,0.82,0.01,0.04
84,0.04,0.005,0.875,0.015,0.065
85,0.095,0.04,0.795,0.035,0.035
86,0.175,0.02,0.8,0.0,0.005
87,0.145,0.015,0.8,0.025,0.015
88,0.04,0.015,0.935,0.01,0.0
89,0.45,0.16,0.275,0.09,0.025
90,0.075,0.0,0.885,0.01,0.03
91,0.12,0.02,0.84,0.005,0.015
92,0.1,0.015,0.85,0.01,0.025
93,0.01,0.01,0.035,0.935,0.01
94,0.12300000000000001,0.1,0.025,0.727,0.025
95,0.115,0.02,0.135,0.725,0.005
96,0.055,0.015,0.04,0.855,0.035
97,0.01,0.0,0.01,0.975,0.005
98,0.045,0.015,0.03,0.86,0.05
99,0.11,0.02,0.09,0.755,0.025
100,0.41,0.14,0.08,0.205,0.165
101,0.055,0.005,0.025,0.87,0.045
102,0.025,0.005,0.055,0.885,0.03
103,0.075,0.035,0.035,0.84,0.015
104,0.03,0.045,0.02,0.73,0.175
105,0.025,0.01,0.01,0.935,0.02
106,0.0775,0.005,0.035,0.8575,0.025
107,0.01,0.0,0.005,0.97,0.015
108,0.035,0.0,0.01,0.92,0.035
109,0.105,0.02,0.015,0.815,0.045
110,0.195,0.03,0.04,0.675,0.06
111,0.2,0.07,0.42,0.235,0.075
112,0.155,0.6226666666666667,0.04,0.025,0.15733333333333335
113,0.105,0.805,0.025,0.015,0.05
114,0.025,0.71,0.205,0.0,0.06
115,0.0,0.865,0.02,0.005,0.11
116,0.06,0.68,0.005,0.05,0.205
117,0.14,0.63,0.08,0.04,0.11
118,0.13,0.675,0.06,0.06,0.075
119,0.13,0.695,0.035,0.035,0.105
120,0.075,0.6683333333333334,0.175,0.04,0.04166666666666666
121,0.11,0.05,0.055,0.065,0.72
122,0.03,0.01,0.955,0.005,0.0
123,0.025,0.085,0.86,0.005,0.025
124,0.105,0.085,0.655,0.03,0.125
125,0.045,0.005,0.945,0.005,0.0
126,0.065,0.188,0.095,0.335,0.317
127,0.045,0.0,0.93,0.01,0.015
128,0.23,0.075,0.67,0.025,0.0
129,0.12,0.015,0.005,0.855,0.005
130,0.135,0.075,0.02,0.695,0.075
131,0.03,0.005,0.0,0.945,0.02
132,0.095,0.78,0.095,0.02,0.01
133,0.09,0.265,0.065,0.45,0.13
134,0.19,0.68,0.03,0.01,0.09
135,0.225,0.265,0.33,0.06,0.12
136,0.015,0.48722619047619065,0.0,0.0,0.4977738095238094
137,0.08,0.7833333333333333,0.02,0.095,0.021666666666666664
138,0.005,0.965,0.0,0.005,0.025
139,0.095,0.74,0.07,0.075,0.02
140,0.175,0.435,0.26,0.015,0.115
141,0.015,0.945,0.005,0.0,0.035
142,0.055,0.765,0.09,0.035,0.055
143,0.2425,0.655,0.035,0.0675,0.0
144,0.125,0.705,0.05,0.04,0.08
145,0.03,0.925,0.005,0.0,0.04
146,0.075,0.62,0.085,0.055,0.165
147,0.02,0.81,0.025,0.04,0.105
148,0.035,0.015,0.01,0.355,0.585
149,0.03,0.225,0.035,0.015,0.695
150,0.11,0.205,0.025,0.07,0.59
151,0.015,0.48722619047619065,0.0,0.0,0.4977738095238094
152,0.405,0.18,0.11,0.02,0.285
153,0.015,0.165,0.035,0.03,0.755
154,0.03,0.045,0.81,0.055,0.06
155,0.335,0.065,0.215,0.25,0.135
156,0.195,0.03,0.765,0.005,0.005
157,0.195,0.015,0.71,0.06,0.02
158,0.025,0.04,0.9,0.01,0.025
159,0.01,0.0,0.985,0.0,0.005
160,0.02,0.0,0.965,0.0,0.015
161,0.145,0.015,0.695,0.1,0.045
162,0.04,0.015,0.92,0.01,0.015
163,0.01,0.005,0.985,0.0,0.0
164,0.15,0.02,0.82,0.01,0.0
165,0.05,0.11,0.775,0.005,0.06
166,0.02,0.035,0.01,0.855,0.08
167,0.01,0.0,0.02,0.965,0.005
168,0.02,0.015,0.08,0.85,0.035
169,0.04,0.02,0.015,0.925,0.0
170,0.11,0.025,0.025,0.815,0.025
171,0.19,0.015,0.06,0.685,0.05
172,0.085,0.005,0.045,0.79,0.075
173,0.095,0.025,0.04,0.825,0.015
174,0.045,0.02,0.01,0.91,0.015
175,0.55,0.03,0.275,0.095,0.05
176,0.08833333333333332,0.0,0.06,0.8116666666666668,0.04
177,0.09,0.065,0.01,0.79,0.045
178,0.015,0.0,0.0,0.975,0.01
179,0.03166666666666667,0.005,0.01,0.9333333333333335,0.02
180,0.06,0.035,0.01,0.13,0.765
181,0.03,0.02,0.07,0.025,0.855
182,0.04,0.19,0.035,0.015,0.72
183,0.02,0.255,0.01,0.01,0.705
184,0.02,0.075,0.0,0.14,0.765
185,0.135,0.015,0.165,0.06,0.625
186,0.23,0.035,0.59,0.06,0.085
187,0.275,0.03,0.025,0.0,0.67
188,0.14,0.02,0.05,0.12,0.67
189,0.035,0.06,0.005,0.115,0.785
190,0.02,0.095,0.03,0.05,0.805
191,0.04,0.145,0.025,0.02,0.77
192,0.205,0.215,0.075,0.195,0.31
193,0.05,0.005,0.905,0.025,0.015
194,0.13,0.085,0.565,0.14,0.08
195,0.17,0.005,0.125,0.685,0.015
196,0.175,0.49,0.095,0.125,0.115
197,0.04,0.835,0.005,0.015,0.105
198,0.03,0.885,0.015,0.02,0.05
199,0.04,0.725,0.075,0.055,0.105
200,0.03,0.785,0.045,0.04,0.1
201,0.15,0.72,0.055,0.035,0.04
202,0.115,0.74,0.03,0.06,0.055
203,0.015,0.875,0.0,0.025,0.085
204,0.05,0.65,0.045,0.02,0.235
205,0.015,0.14,0.005,0.015,0.825
206,0.12,0.055,0.045,0.145,0.635
207,0.07,0.33666666666666667,0.115,0.1,0.3783333333333333
208,0.385,0.035,0.185,0.195,0.2
209,0.11,0.06,0.065,0.05,0.715
210,0.125,0.19,0.05,0.44,0.195
211,0.085,0.01,0.885,0.01,0.01
212,0.105,0.03,0.82,0.015,0.03
213,0.105,0.02,0.83,0.025,0.02
214,0.34,0.085,0.355,0.17,0.05
215,0.41,0.025,0.515,0.02,0.03
216,0.165,0.035,0.75,0.035,0.015
217,0.045,0.035,0.85,0.04,0.03
218,0.08,0.015,0.85,0.045,0.01
219,0.035,0.015,0.915,0.02,0.015
220,0.02,0.005,0.94,0.015,0.02
221,0.025,0.005,0.0,0.955,0.015
222,0.07,0.03,0.12,0.725,0.055
223,0.01,0.035,0.0,0.94,0.015
224,0.09,0.01,0.09,0.735,0.075
225,0.095,0.02,0.195,0.645,0.045
226,0.025,0.035,0.025,0.84,0.075
227,0.015,0.025,0.015,0.94,0.005
228,0.045,0.025,0.015,0.865,0.05
229,0.07,0.06,0.005,0.81,0.055
230,0.02,0.03,0.015,0.905,0.03
231,0.06,0.03,0.01,0.77,0.13
232,0.175,0.045,0.08,0.685,0.015
233,0.385,0.07,0.165,0.295,0.085
234,0.055,0.015,0.015,0.865,0.05
235,0.05,0.035,0.015,0.865,0.035
236,0.145,0.06,0.035,0.655,0.105
237,0.12,0.655,0.035,0.04,0.15
238,0.13,0.48625,0.055,0.12,0.20875
239,0.025,0.94,0.015,0.0,0.02
240,0.01,0.885,0.025,0.005,0.075
241,0.06,0.555,0.14,0.01,0.23500000000000004
242,0.25,0.295,0.26,0.14,0.055
243,0.05,0.575,0.145,0.005,0.225
244,0.075,0.04166666666666666,0.79,0.025,0.06833333333333333
245,0.025,0.02,0.91,0.015,0.03
246,0.065,0.01,0.875,0.03,0.02
247,0.015,0.03,0.94,0.01,0.005
248,0.01,0.005,0.985,0.0,0.0
249,0.08,0.03,0.815,0.025,0.05
250,0.25,0.035,0.69,0.015,0.01
251,0.15,0.05,0.705,0.07,0.025
252,0.03,0.025,0.875,0.015,0.055
253,0.02,0.015,0.935,0.025,0.005
254,0.04,0.01,0.92,0.02,0.01
255,0.04,0.02,0.905,0.025,0.01
256,0.055,0.015,0.01,0.87,0.05
257,0.02,0.015,0.015,0.94,0.01
258,0.055,0.005,0.01,0.925,0.005
259,0.14,0.025,0.15,0.685,0.0
260,0.07,0.02,0.045,0.84,0.025
261,0.17,0.04,0.08,0.685,0.025
262,0.03,0.01,0.005,0.935,0.02
263,0.15,0.5049999999999999,0.06,0.105,0.18
264,0.055,0.01,0.075,0.84,0.02
265,0.0,0.015,0.015,0.93,0.04
266,0.04,0.005,0.015,0.93,0.01
267,0.005,0.025,0.005,0.95,0.015
268,0.06,0.87,0.025,0.01,0.035
269,0.0,0.95,0.0,0.0,0.05
270,0.005,0.8525,0.005,0.015,0.1225
271,0.095,0.05,0.105,0.12,0.63
272,0.045,0.035,0.055,0.04,0.825
273,0.2,0.24833333333333335,0.055,0.24,0.25666666666666665
274,0.035,0.865,0.04,0.02,0.04
275,0.035,0.895,0.005,0.025,0.04
276,0.02,0.025,0.015,0.015,0.925
277,0.005,0.225,0.16,0.0,0.61
278,0.03,0.145,0.02,0.05,0.755
279,0.06,0.055,0.81,0.03,0.045
280,0.085,0.03,0.865,0.0,0.02
281,0.125,0.13,0.105,0.52,0.12
282,0.025,0.76,0.18,0.01,0.025
283,0.045,0.2,0.01,0.02,0.725
284,0.015,0.94,0.015,0.005,0.025
285,0.055,0.03166666666666666,0.8,0.05,0.06333333333333334
286,0.05,0.825,0.02,0.02,0.085
287,0.15,0.69,0.085,0.06,0.015
288,0.05,0.865,0.065,0.0,0.02
289,0.075,0.09,0.04,0.05,0.745
290,0.075,0.26916666666666667,0.06,0.07,0.5258333333333333
291,0.035,0.08,0.055,0.025,0.805
292,0.19,0.04,0.7,0.035,0.035
293,0.05,0.03,0.895,0.005,0.02
294,0.115,0.09,0.08,0.6,0.115
295,0.105,0.02,0.035,0.815,0.025
296,0.145,0.015,0.075,0.72,0.045
297,0.04,0.87,0.06,0.025,0.005
298,0.145,0.685,0.105,0.04,0.025
299,0.015,0.935,0.015,0.005,0.03
300,0.1,0.485,0.34,0.01,0.065
301,0.135,0.545,0.13,0.08,0.11
302,0.12,0.86,0.01,0.0,0.01
303,0.03,0.82,0.05,0.02,0.08
304,0.075,0.91,0.005,0.01,0.0
305,0.04,0.925,0.0,0.005,0.03
306,0.075,0.91,0.005,0.01,0.0
307,0.09,0.7275,0.05,0.02,0.1125
308,0.085,0.015,0.015,0.07,0.815
309,0.12,0.4,0.25,0.01,0.22
310,0.15,0.03,0.07,0.12,0.63
311,0.17,0.22,0.035,0.305,0.27
312,0.1,0.11,0.005,0.015,0.77
313,0.06,0.135,0.08,0.01,0.715
314,0.09,0.045,0.035,0.03,0.8
315,0.175,0.135,0.185,0.12,0.385
316,0.0,0.05,0.025,0.02,0.905
317,0.18,0.02,0.765,0.03,0.005
318,0.17,0.045,0.725,0.03,0.03
319,0.07,0.045,0.84,0.01,0.035
320,0.07,0.04,0.85,0.01,0.03
321,0.075,0.03,0.81,0.03,0.055
322,0.085,0.01,0.1,0.785,0.02
323,0.075,0.025,0.02,0.845,0.035
324,0.075,0.025,0.02,0.845,0.035
325,0.135,0.005,0.12,0.73,0.01
326,0.0,0.97,0.0,0.02,0.01
327,0.005,0.845,0.005,0.0,0.145
328,0.2,0.315,0.425,0.015,0.045
329,0.125,0.745,0.055,0.055,0.02
330,0.08,0.8383333333333333,0.035,0.015,0.03166666666666667
331,0.07,0.64,0.18,0.025,0.085
332,0.035,0.01,0.295,0.015,0.645
333,0.025,0.085,0.045,0.05,0.795
334,0.0,0.0,0.0,0.0,1.0
335,0.52,0.07,0.105,0.23,0.075
336,0.0,0.0,0.0,0.0,1.0
337,0.0,0.0,0.0,0.0,1.0
338,0.045,0.01,0.81,0.04,0.095
339,0.12,0.04,0.75,0.045,0.045
340,0.005,0.005,0.96,0.01,0.02
341,0.065,0.045,0.88,0.0,0.01
342,0.045,0.025,0.9,0.005,0.025
343,0.025,0.01,0.935,0.02,0.01
344,0.05,0.02,0.89,0.015,0.025
345,0.05,0.015,0.88,0.03,0.025
346,0.025,0.02,0.925,0.01,0.02
347,0.17,0.02,0.795,0.005,0.01
348,0.08,0.055,0.695,0.06,0.11
349,0.14,0.04,0.695,0.09,0.035
350,0.015,0.015,0.935,0.02,0.015
351,0.06,0.0,0.865,0.06,0.015
352,0.05,0.02,0.85,0.045,0.035
353,0.095,0.025,0.735,0.105,0.04
354,0.095,0.0,0.835,0.055,0.015
355,0.02,0.0,0.92,0.025,0.035
356,0.085,0.07,0.79,0.03,0.025
357,0.045,0.015,0.91,0.015,0.015
358,0.035,0.0,0.895,0.03,0.04
359,0.01,0.005,0.015,0.955,0.015
360,0.07,0.035,0.02,0.73,0.145
361,0.145,0.11,0.055,0.555,0.135
362,0.075,0.03,0.03,0.775,0.09
363,0.02,0.0,0.005,0.975,0.0
364,0.125,0.02,0.025,0.78,0.05
365,0.015,0.735,0.115,0.005,0.13
366,0.065,0.685,0.035,0.075,0.14
367,0.005,0.91,0.005,0.01,0.07
368,0.085,0.695,0.07,0.065,0.085
369,0.045,0.865,0.04,0.01,0.04
370,0.115,0.48375,0.12,0.1,0.18125
371,0.045,0.88,0.005,0.005,0.065
372,0.095,0.725,0.035,0.015,0.13
373,0.065,0.85,0.025,0.03,0.03
374,0.01,0.94,0.0,0.005,0.045
375,0.01,0.02,0.09,0.175,0.705
376,0.015,0.255,0.01,0.0,0.72
377,0.075,0.045,0.79,0.035,0.055
378,0.085,0.005,0.845,0.03,0.035
379,0.19,0.09,0.62,0.04,0.06
380,0.06,0.025,0.89,0.015,0.01
381,0.12,0.065,0.625,0.085,0.105
382,0.085,0.02,0.835,0.045,0.015
383,0.02,0.02,0.75,0.155,0.055
384,0.07,0.2,0.19,0.365,0.175
385,0.045,0.03,0.145,0.655,0.125
386,0.325,0.06,0.415,0.065,0.135
387,0.1275,0.03,0.11,0.7075,0.025
388,0.36,0.045,0.14,0.34,0.115
389,0.105,0.02,0.035,0.805,0.035
390,0.05,0.02,0.055,0.815,0.06
391,0.02,0.86,0.005,0.025,0.09
392,0.11,0.735,0.11,0.03,0.015
393,0.005,0.105,0.02,0.01,0.86
394,0.06,0.09,0.015,0.045,0.79
395,0.04,0.065,0.005,0.19,0.7
396,0.03,0.025,0.93,0.0,0.015
397,0.145,0.02,0.82,0.005,0.01
398,0.035,0.0,0.95,0.005,0.01
399,0.01,0.005,0.985,0.0,0.0
400,0.04,0.04,0.86,0.01,0.05
401,0.07,0.01,0.865,0.025,0.03
402,0.1575,0.0,0.715,0.1125,0.015
403,0.265,0.075,0.21,0.355,0.095
404,0.003333333333333333,0.0,0.0,0.9866666666666667,0.01
405,0.125,0.04,0.035,0.74,0.06
406,0.055,0.005,0.02,0.895,0.025
407,0.015,0.0,0.0,0.97,0.015
408,0.003333333333333333,0.0,0.0,0.9866666666666667,0.01
409,0.205,0.71,0.045,0.035,0.005
410,0.075,0.86,0.02,0.005,0.04
411,0.06,0.79,0.03,0.055,0.065
412,0.0,0.985,0.005,0.005,0.005
413,0.035,0.865,0.01,0.02,0.07
414,0.0,0.985,0.005,0.005,0.005
415,0.035,0.825,0.07,0.01,0.06
416,0.135,0.7,0.01,0.03,0.125
417,0.045,0.885,0.04,0.015,0.015
418,0.04,0.72,0.155,0.025,0.06
419,0.04,0.82,0.055,0.035,0.05
420,0.015,0.885,0.015,0.01,0.075
421,0.01,0.79,0.03,0.04,0.13
422,0.055,0.8,0.105,0.02,0.02
423,0.025,0.835,0.045,0.06,0.035
424,0.02,0.915,0.01,0.0,0.055
425,0.11,0.295,0.055,0.12,0.42
426,0.02,0.19,0.01,0.015,0.765
427,0.04,0.205,0.01,0.03,0.715
428,0.015,0.175,0.04,0.01,0.76
429,0.015,0.04,0.105,0.025,0.815
430,0.065,0.11,0.095,0.0,0.73
431,0.025,0.105,0.105,0.07,0.695
432,0.105,0.02,0.23,0.025,0.62
433,0.02,0.095,0.175,0.0,0.71
434,0.02,0.06,0.015,0.105,0.8
435,0.085,0.085,0.055,0.08,0.695
436,0.03,0.135,0.05,0.09,0.695
437,0.045,0.04,0.02,0.17,0.725
438,0.02,0.075,0.0,0.145,0.76
439,0.09,0.045,0.73,0.07,0.065
440,0.035,0.005,0.89,0.025,0.045
441,0.015,0.025,0.885,0.025,0.05
442,0.23,0.0,0.715,0.045,0.01
443,0.22,0.07,0.525,0.095,0.09
444,0.01,0.01,0.97,0.01,0.0
445,0.04,0.02,0.905,0.015,0.02
446,0.06,0.01,0.735,0.175,0.02
447,0.11,0.025,0.825,0.015,0.025
448,0.025,0.025,0.905,0.01,0.035
449,0.215,0.025,0.68,0.025,0.055
450,0.055,0.04,0.01,0.84,0.055
451,0.085,0.3025,0.125,0.18,0.3075
452,0.05,0.02,0.07,0.805,0.055
453,0.02,0.035,0.01,0.875,0.06
454,0.01,0.005,0.065,0.91,0.01
455,0.055,0.07,0.02,0.805,0.05
456,0.16,0.03,0.075,0.655,0.08
457,0.065,0.3325,0.07,0.265,0.2675
458,0.105,0.015,0.045,0.825,0.01
459,0.135,0.035,0.105,0.615,0.11
460,0.045,0.115,0.015,0.8,0.025
461,0.1,0.125,0.125,0.06,0.59
462,0.09,0.855,0.03,0.005,0.02
463,0.005,0.9575,0.0,0.01,0.0275
464,0.09,0.7,0.03,0.11,0.07
465,0.035,0.125,0.06,0.065,0.715
466,0.02,0.04,0.115,0.13,0.695
467,0.09,0.035,0.745,0.075,0.055
468,0.02,0.91,0.03,0.01,0.03
469,0.085,0.04,0.145,0.07,0.66
470,0.045,0.47,0.025,0.05,0.41
471,0.05,0.03,0.905,0.005,0.01
472,0.03,0.865,0.035,0.01,0.06
473,0.03,0.87,0.01,0.02,0.07
474,0.04,0.9,0.02,0.015,0.025
475,0.14,0.65,0.035,0.11,0.065
476,0.015,0.9,0.015,0.015,0.055
477,0.06,0.585,0.015,0.03,0.31
478,0.045,0.8833333333333333,0.01,0.025,0.03666666666666667
479,0.025,0.12,0.025,0.16,0.67
480,0.05,0.18,0.025,0.03,0.715
481,0.245,0.09,0.115,0.385,0.165
482,0.01,0.015,0.955,0.0,0.02
483,0.05,0.01,0.92,0.01,0.01
484,0.02,0.0,0.955,0.01,0.015
485,0.09,0.035,0.81,0.035,0.03
486,0.025,0.005,0.95,0.02,0.0
487,0.02,0.015,0.955,0.005,0.005
488,0.02,0.0,0.0,0.975,0.005
489,0.06,0.095,0.03,0.765,0.05
490,0.105,0.045,0.045,0.755,0.05
491,0.145,0.035,0.085,0.61,0.125
492,0.02,0.01,0.015,0.91,0.045
493,0.09,0.055,0.045,0.755,0.055
494,0.055,0.17,0.74,0.01,0.025
495,0.09,0.77,0.025,0.03,0.085
496,0.02,0.015,0.955,0.005,0.005
497,0.05,0.09,0.015,0.015,0.83
498,0.065,0.16,0.035,0.005,0.735
499,0.165,0.13,0.39,0.085,0.23
500,0.06,0.09,0.645,0.02,0.185
501,0.08,0.065,0.79,0.035,0.03
502,0.135,0.035,0.075,0.67,0.085
503,0.08,0.765,0.015,0.03,0.11
504,0.025,0.91,0.015,0.01,0.04
505,0.03,0.855,0.03,0.015,0.07
506,0.025,0.85,0.06,0.005,0.06
507,0.49,0.065,0.3,0.09,0.055
508,0.125,0.76,0.045,0.035,0.035
509,0.17,0.38,0.115,0.06,0.275
510,0.04,0.825,0.025,0.02,0.09
511,0.085,0.795,0.015,0.02,0.085
512,0.01,0.9,0.02,0.03,0.04
513,0.065,0.08,0.045,0.03,0.78
514,0.035,0.15,0.035,0.015,0.765
515,0.025,0.065,0.05,0.14,0.72
516,0.025,0.095,0.095,0.03,0.755
517,0.065,0.08,0.045,0.03,0.78
518,0.005,0.15,0.02,0.07,0.755
519,0.015,0.08,0.01,0.025,0.87
520,0.125,0.76,0.045,0.035,0.035
521,0.01,0.005,0.985,0.0,0.0
522,0.07,0.06,0.765,0.075,0.03
523,0.325,0.035,0.62,0.01,0.01
524,0.095,0.02,0.86,0.015,0.01
525,0.39,0.105,0.385,0.085,0.035
526,0.06,0.005,0.005,0.92,0.01
527,0.045,0.005,0.015,0.915,0.02
528,0.07,0.0,0.02,0.9,0.01
529,0.01,0.0,0.005,0.965,0.02
530,0.08,0.07,0.025,0.77,0.055
531,0.1,0.04,0.035,0.785,0.04
532,0.26,0.005,0.03,0.705,0.0
533,0.21,0.015,0.055,0.69,0.03
534,0.04,0.06,0.045,0.785,0.07
535,0.07666666666666666,0.01,0.01,0.8833333333333334,0.02
536,0.005,0.9183333333333333,0.025,0.025,0.026666666666666665
537,0.055,0.86,0.005,0.025,0.055
538,0.08,0.655,0.085,0.125,0.055
539,0.045,0.18666666666666668,0.04,0.035,0.6933333333333335
540,0.05,0.04,0.145,0.005,0.76
541,0.02,0.02,0.925,0.025,0.01
542,0.035,0.01,0.92,0.01,0.025
543,0.145,0.03,0.79,0.015,0.02
544,0.025,0.015,0.95,0.0,0.01
545,0.09,0.04,0.755,0.03,0.085
546,0.015,0.02,0.945,0.01,0.01
547,0.105,0.065,0.78,0.02,0.03
548,0.06,0.015,0.88,0.005,0.04
549,0.575,0.045,0.275,0.055,0.05
550,0.005,0.01,0.975,0.0,0.01
551,0.035,0.165,0.77,0.015,0.015
552,0.095,0.125,0.7,0.005,0.075
553,0.725,0.015,0.185,0.015,0.06
554,0.8,0.125,0.035,0.035,0.005
555,0.355,0.085,0.255,0.25,0.055
556,0.215,0.415,0.245,0.025,0.1
557,0.675,0.035,0.145,0.08,0.065
558,0.14,0.37,0.395,0.025,0.07
559,0.83,0.06,0.045,0.05,0.015
560,0.82,0.005,0.105,0.05,0.02
561,0.805,0.045,0.135,0.0,0.015
562,0.835,0.03,0.07,0.06,0.005
563,0.71,0.005,0.26,0.01,0.015
564,0.55,0.08,0.075,0.215,0.08
565,0.795,0.115,0.015,0.02,0.055
566,0.89,0.005,0.05,0.03,0.025
567,0.865,0.01,0.085,0.01,0.03
568,0.865,0.01,0.05,0.03,0.045
569,0.1,0.735,0.085,0.055,0.025
570,0.03,0.845,0.005,0.025,0.095
571,0.02,0.925,0.005,0.015,0.035
572,0.02,0.825,0.02,0.005,0.13
573,0.005,0.9583333333333333,0.005,0.015,0.016666666666666666
574,0.005,0.87,0.05,0.0,0.075
575,0.135,0.535,0.1,0.14,0.09
576,0.42,0.13,0.175,0.2,0.075
577,0.03,0.795,0.01,0.09,0.075
578,0.025,0.84,0.035,0.02,0.08
579,0.23,0.26,0.135,0.11,0.265
580,0.0,0.97,0.0,0.02,0.01
581,0.04,0.86,0.04,0.01,0.05
582,0.03,0.025,0.0,0.04,0.905
583,0.035,0.105,0.115,0.04,0.705
584,0.0,0.0,0.0,0.0,1.0
585,0.025,0.015,0.015,0.01,0.935
586,0.0,0.0,0.0,0.0,1.0
587,0.245,0.02,0.22,0.355,0.16
588,0.0,0.0,0.0,0.0,1.0
589,0.195,0.055,0.05,0.01,0.69
590,0.06,0.105,0.01,0.035,0.79
591,0.24,0.085,0.015,0.43,0.23
592,0.115,0.08,0.035,0.03,0.74
593,0.02,0.01,0.94,0.005,0.025
594,0.03,0.01,0.915,0.02,0.025
595,0.01,0.01,0.95,0.025,0.005
596,0.085,0.01,0.885,0.01,0.01
597,0.035,0.0,0.915,0.025,0.025
598,0.07,0.07,0.82,0.02,0.02
599,0.04,0.03,0.885,0.015,0.03
600,0.015,0.005,0.955,0.02,0.005
601,0.03,0.01,0.955,0.005,0.0
602,0.07,0.01,0.91,0.0,0.01
603,0.075,0.005,0.905,0.01,0.005
604,0.045,0.02,0.89,0.0,0.045
605,0.01,0.01,0.935,0.01,0.035
606,0.07,0.08,0.04,0.72,0.09
607,0.04,0.005,0.01,0.885,0.06
608,0.065,0.01,0.025,0.885,0.015
609,0.08,0.015,0.065,0.71,0.13
610,0.06,0.025,0.045,0.765,0.105
611,0.03,0.07,0.02,0.875,0.005
612,0.035,0.09,0.05,0.765,0.06
613,0.01,0.0,0.0,0.99,0.0
614,0.01,0.0,0.0,0.99,0.0
615,0.045,0.06,0.015,0.745,0.135
616,0.05,0.075,0.095,0.76,0.02
617,0.025,0.06,0.025,0.815,0.075
618,0.07,0.03,0.12,0.76,0.02
619,0.09,0.005,0.035,0.82,0.05
620,0.095,0.0,0.01,0.87,0.025
621,0.075,0.035,0.085,0.74,0.065
622,0.03,0.005,0.0,0.965,0.0
623,0.945,0.02,0.01,0.0,0.025
624,0.85,0.005,0.125,0.015,0.005
625,0.425,0.135,0.19,0.115,0.135
626,0.72,0.055,0.135,0.06,0.03
627,0.93,0.02,0.04,0.005,0.005
628,0.865,0.06,0.04,0.03,0.005
629,0.665,0.145,0.045,0.065,0.08
630,0.77,0.075,0.075,0.015,0.065
631,0.895,0.02,0.025,0.05,0.01
632,0.465,0.195,0.26,0.07,0.01
633,0.75,0.065,0.105,0.03,0.05
634,0.825,0.02,0.07,0.045,0.04
635,0.82,0.055,0.08,0.02,0.025
636,0.735,0.115,0.025,0.055,0.07
637,0.79,0.055,0.06,0.07,0.025
638,0.81,0.065,0.03,0.015,0.08
639,0.97,0.0,0.0,0.015,0.015
640,0.285,0.6,0.075,0.015,0.025
641,0.03,0.695,0.185,0.03,0.06
642,0.025,0.855,0.025,0.03,0.065
643,0.035,0.845,0.055,0.005,0.06
644,0.095,0.615,0.145,0.12,0.025
645,0.07,0.915,0.015,0.0,0.0
646,0.015,0.93,0.005,0.01,0.04
647,0.115,0.695,0.09,0.04,0.06
648,0.07,0.915,0.015,0.0,0.0
649,0.035,0.865,0.02,0.03,0.05
650,0.095,0.445,0.135,0.195,0.13
651,0.005,0.945,0.005,0.015,0.03
652,0.035,0.085,0.04,0.13,0.71
653,0.1,0.045,0.05,0.05,0.755
654,0.115,0.08,0.01,0.025,0.77
655,0.045,0.02,0.84,0.045,0.05
656,0.01,0.01,0.93,0.02,0.03
657,0.06,0.0,0.915,0.02,0.005
658,0.11,0.0,0.605,0.265,0.02
659,0.045,0.01,0.88,0.01,0.055
660,0.03,0.005,0.91,0.045,0.01
661,0.065,0.0,0.9,0.005,0.03
662,0.125,0.015,0.84,0.015,0.005
663,0.03,0.095,0.71,0.09,0.075
664,0.04,0.01,0.94,0.01,0.0
665,0.115,0.055,0.755,0.025,0.05
666,0.155,0.01,0.795,0.02,0.02
667,0.015,0.055,0.875,0.02,0.035
668,0.08,0.005,0.9,0.005,0.01
669,0.145,0.01,0.83,0.01,0.005
670,0.035,0.02,0.025,0.885,0.035
671,0.13,0.035,0.11,0.715,0.01
672,0.15,0.06,0.015,0.665,0.11
673,0.015,0.0,0.0,0.975,0.01
674,0.045,0.005,0.045,0.885,0.02
675,0.07,0.005,0.0,0.915,0.01
676,0.795,0.06,0.06,0.08,0.005
677,0.915,0.025,0.04,0.015,0.005
678,0.91,0.0,0.055,0.025,0.01
679,0.91,0.025,0.035,0.03,0.0
680,0.305,0.265,0.085,0.13,0.215
681,0.885,0.015,0.07,0.02,0.01
682,0.785,0.06,0.1,0.045,0.01
683,0.95,0.01,0.015,0.0,0.025
684,0.87,0.03,0.06,0.025,0.015
685,0.96,0.01,0.015,0.015,0.0
686,0.815,0.05,0.1,0.02,0.015
687,0.74,0.0,0.025,0.19,0.045
688,0.765,0.105,0.08,0.045,0.005
689,0.85,0.025,0.065,0.04,0.02
690,0.925,0.015,0.02,0.04,0.0
691,0.845,0.035,0.04,0.04,0.04
692,0.95,0.005,0.03,0.005,0.01
693,0.63,0.025,0.265,0.06,0.02
694,0.895,0.04,0.035,0.025,0.005
695,0.435,0.095,0.305,0.05,0.115
696,0.15,0.205,0.215,0.085,0.345
697,0.03,0.785,0.03,0.105,0.05
698,0.025,0.935,0.01,0.0,0.03
699,0.055,0.7425,0.025,0.025,0.1525
700,0.06,0.745,0.12,0.02,0.055
701,0.095,0.205,0.385,0.045,0.27
702,0.025,0.71,0.16,0.045,0.06
703,0.085,0.48,0.035,0.07,0.33
704,0.0,0.92,0.0,0.03,0.05
705,0.01,0.96,0.01,0.0,0.02
706,0.035,0.835,0.03,0.055,0.045
707,0.02,0.915,0.02,0.0,0.045
708,0.03,0.9,0.01,0.025,0.035
709,0.0,0.0,0.0,0.0,1.0
710,0.055,0.06,0.08,0.045,0.76
711,0.015,0.23,0.0,0.005,0.75
712,0.01,0.025,0.005,0.01,0.95
713,0.0,0.0,0.0,0.0,1.0
714,0.18,0.09,0.335,0.26,0.135
715,0.095,0.07,0.085,0.405,0.345
716,0.01,0.025,0.005,0.01,0.95
717,0.02,0.01,0.26,0.035,0.675
718,0.045,0.1,0.025,0.015,0.815
719,0.025,0.15,0.075,0.025,0.725
720,0.04,0.01,0.935,0.01,0.005
721,0.1625,0.05,0.695,0.0725,0.02
722,0.305,0.055,0.52,0.075,0.045
723,0.045,0.015,0.8,0.06,0.08
724,0.095,0.05,0.695,0.045,0.115
725,0.255,0.025,0.635,0.065,0.02
726,0.005,0.01,0.97,0.005,0.01
727,0.045,0.015,0.8,0.06,0.08
728,0.105,0.005,0.88,0.01,0.0
729,0.005,0.03,0.95,0.005,0.01
730,0.005,0.03,0.95,0.005,0.01
731,0.04,0.015,0.915,0.015,0.015
732,0.035,0.015,0.91,0.03,0.01
733,0.04,0.01,0.01,0.92,0.02
734,0.04,0.01,0.01,0.92,0.02
735,0.01,0.0,0.03,0.945,0.015
736,0.025,0.03,0.015,0.845,0.085
737,0.015,0.01,0.02,0.955,0.0
738,0.025,0.005,0.01,0.95,0.01
739,0.215,0.03,0.035,0.7,0.02
740,0.15,0.075,0.395,0.19,0.19
741,0.005,0.005,0.01,0.97,0.01
742,0.1,0.03,0.05,0.785,0.035
743,0.235,0.005,0.035,0.665,0.06
744,0.035,0.015,0.035,0.87,0.045
745,0.015,0.0,0.0,0.98,0.005
746,0.06,0.005,0.045,0.855,0.035
747,0.915,0.02,0.025,0.035,0.005
748,0.625,0.07,0.08,0.15,0.075
749,0.78,0.03,0.045,0.105,0.04
750,0.215,0.04,0.615,0.055,0.075
751,0.935,0.005,0.04,0.0,0.02
752,0.69,0.04,0.175,0.07,0.025
753,0.835,0.015,0.055,0.05,0.045
754,0.68,0.065,0.13,0.07,0.055
755,0.905,0.02,0.05,0.01,0.015
756,0.885,0.025,0.045,0.025,0.02
757,0.75,0.05,0.025,0.105,0.07
758,0.655,0.135,0.08,0.07,0.06
759,0.79,0.02,0.085,0.045,0.06
760,0.73,0.145,0.005,0.025,0.095
761,0.925,0.025,0.02,0.0,0.03
762,0.83,0.06,0.055,0.055,0.0
763,0.645,0.03,0.025,0.235,0.065
764,0.865,0.04,0.04,0.01,0.045
765,0.675,0.1,0.135,0.07,0.02
766,0.675,0.155,0.09,0.05,0.03
767,0.645,0.03,0.025,0.235,0.065
768,0.875,0.015,0.075,0.025,0.01
769,0.935,0.015,0.025,0.01,0.015
770,0.015,0.895,0.02,0.01,0.06
771,0.005,0.95,0.005,0.015,0.025
772,0.02,0.345,0.0,0.005,0.63
773,0.005,0.985,0.01,0.0,0.0
774,0.265,0.035,0.04,0.025,0.635
775,0.05,0.01,0.25,0.01,0.68
776,0.205,0.12,0.37,0.21,0.095
777,0.45,0.12333333333333332,0.04,0.095,0.29166666666666663
778,0.035,0.1,0.055,0.025,0.785
779,0.175,0.065,0.0,0.125,0.635
780,0.025,0.02,0.05,0.035,0.87
781,0.02,0.345,0.0,0.005,0.63
782,0.225,0.075,0.36,0.175,0.165
783,0.08,0.04,0.8,0.01,0.07
784,0.05,0.05,0.765,0.045,0.09
785,0.01,0.005,0.965,0.015,0.005
786,0.01,0.07,0.865,0.005,0.05
787,0.05,0.035,0.85,0.015,0.05
788,0.065,0.04,0.785,0.02,0.09
789,0.09,0.025,0.835,0.02,0.03
790,0.015,0.02,0.93,0.025,0.01
791,0.075,0.015,0.745,0.12,0.045
792,0.05,0.02,0.895,0.03,0.005
793,0.265,0.05,0.59,0.055,0.04
794,0.065,0.03,0.895,0.0,0.01
795,0.185,0.025,0.04,0.73,0.02
796,0.0625,0.035,0.01,0.8275,0.065
797,0.115,0.05,0.045,0.745,0.045
798,0.02,0.005,0.12,0.805,0.05
799,0.17,0.07,0.08,0.655,0.025
800,0.05,0.015,0.1,0.81,0.025
801,0.77,0.045,0.1,0.04,0.045
802,0.815,0.06,0.045,0.05,0.03
803,0.755,0.07,0.05,0.02,0.105
804,0.265,0.15,0.105,0.255,0.225
805,0.845,0.05,0.055,0.045,0.005
806,0.94,0.01,0.03,0.005,0.015
807,0.89,0.025,0.02,0.035,0.03
808,0.905,0.035,0.05,0.01,0.0
809,0.96,0.01,0.03,0.0,0.0
810,0.96,0.01,0.03,0.0,0.0
811,0.87,0.01,0.04,0.045,0.035
812,0.7,0.15,0.09,0.035,0.025
813,0.875,0.02,0.05,0.04,0.015
814,0.885,0.02,0.04,0.04,0.015
815,0.165,0.185,0.09,0.34,0.22
816,0.005,0.94,0.005,0.01,0.04
817,0.07,0.75,0.055,0.06,0.065
818,0.1,0.7,0.03,0.065,0.105
819,0.155,0.77,0.035,0.025,0.015
820,0.05,0.835,0.03,0.025,0.06
821,0.025,0.015,0.015,0.01,0.935
822,0.01,0.02,0.89,0.055,0.025
823,0.15,0.02,0.775,0.05,0.005
824,0.045,0.015,0.925,0.005,0.01
825,0.075,0.08,0.66,0.055,0.13
826,0.1,0.025,0.735,0.085,0.055
827,0.05,0.01,0.865,0.045,0.03
828,0.01,0.02,0.89,0.055,0.025
829,0.175,0.02,0.05,0.755,0.0
830,0.07,0.08,0.005,0.775,0.07
831,0.06,0.035,0.065,0.805,0.035
832,0.01,0.015,0.005,0.925,0.045
833,0.045,0.01,0.02,0.885,0.04
834,0.075,0.04,0.12,0.705,0.06
835,0.11,0.035,0.135,0.665,0.055
836,0.045,0.025,0.025,0.89,0.015
837,0.056666666666666664,0.005,0.01,0.9233333333333333,0.005
838,0.88,0.02,0.05,0.035,0.015
839,0.89,0.0,0.095,0.0,0.015
840,0.835,0.06,0.035,0.02,0.05
841,0.78,0.005,0.14,0.03,0.045
842,0.78,0.005,0.14,0.03,0.045
843,0.845,0.035,0.065,0.05,0.005
844,0.955,0.0,0.025,0.005,0.015
845,0.845,0.035,0.07,0.025,0.025
846,0.79,0.035,0.03,0.095,0.05
847,0.735,0.03,0.025,0.17,0.04
848,0.9,0.02,0.045,0.02,0.015
849,0.955,0.005,0.02,0.005,0.015
850,0.93,0.0,0.03,0.04,0.0
851,0.485,0.09,0.065,0.23,0.13
852,0.595,0.16333333333333333,0.095,0.085,0.06166666666666666
853,0.82,0.025,0.085,0.055,0.015
854,0.88,0.005,0.065,0.05,0.0
855,0.875,0.025,0.03,0.06,0.01
856,0.655,0.06,0.15,0.025,0.11
857,0.01,0.19666666666666666,0.02,0.075,0.6983333333333333
858,0.105,0.09,0.655,0.065,0.085
859,0.155,0.01,0.815,0.01,0.01
860,0.045,0.035,0.88,0.015,0.025
861,0.06,0.01,0.905,0.015,0.01
862,0.175,0.055,0.65,0.065,0.055
863,0.175,0.185,0.3,0.085,0.255
864,0.03,0.085,0.82,0.01,0.055
865,0.23,0.11,0.425,0.085,0.15
866,0.105,0.025,0.025,0.825,0.02
867,0.055,0.01,0.01,0.915,0.01
868,0.02,0.015,0.005,0.94,0.02
869,0.75,0.05,0.04,0.145,0.015
870,0.82,0.02,0.05,0.09,0.02
871,0.895,0.025,0.02,0.055,0.005
872,0.95,0.01,0.03,0.01,0.0
873,0.88,0.025,0.015,0.03,0.05
874,0.75,0.02,0.09,0.1,0.04
875,0.795,0.03,0.085,0.065,0.025
876,0.88,0.04,0.05,0.01,0.02
877,0.74,0.145,0.06,0.035,0.02
878,0.905,0.015,0.06,0.015,0.005
879,0.69,0.07,0.13,0.085,0.025
880,0.66,0.13,0.075,0.08,0.055
881,0.89,0.015,0.065,0.015,0.015
882,0.69,0.125,0.0,0.095,0.09
883,0.765,0.085,0.01,0.04,0.1
884,0.005,0.9425,0.0,0.02,0.0325
885,0.005,0.905,0.065,0.005,0.02
886,0.03,0.825,0.055,0.01,0.08
887,0.005,0.905,0.065,0.005,0.02
888,0.02,0.81,0.06,0.02,0.09
889,0.1075,0.76,0.05,0.0825,0.0
890,0.19,0.665,0.065,0.05,0.03
891,0.015,0.215,0.015,0.04,0.715
892,0.0125,0.02,0.005,0.2575,0.705
893,0.095,0.15,0.095,0.13,0.53
894,0.125,0.03,0.095,0.12,0.63
895,0.215,0.205,0.1,0.23,0.25
896,0.165,0.06,0.04,0.02,0.715
897,0.015,0.01,0.945,0.005,0.025
898,0.185,0.135,0.405,0.055,0.22
899,0.06,0.015,0.875,0.015,0.035
900,0.085,0.03,0.855,0.025,0.005
901,0.07,0.05,0.86,0.005,0.015
902,0.01,0.005,0.97,0.01,0.005
903,0.395,0.04,0.285,0.23,0.05
904,0.02,0.005,0.935,0.005,0.035
905,0.3525,0.03,0.52,0.0575,0.04
906,0.29,0.015,0.655,0.035,0.005
907,0.07,0.015,0.875,0.02,0.02
908,0.015,0.005,0.975,0.005,0.0
909,0.055,0.04,0.88,0.015,0.01
910,0.135,0.15,0.65,0.035,0.03
911,0.015,0.015,0.94,0.025,0.005
912,0.045,0.02,0.885,0.01,0.04
913,0.07,0.005,0.895,0.015,0.015
914,0.165,0.015,0.11,0.705,0.005
915,0.005,0.005,0.005,0.97,0.015
916,0.04,0.01,0.09,0.835,0.025
917,0.025,0.03,0.01,0.85,0.085
918,0.04,0.025,0.095,0.8,0.04
919,0.06,0.035,0.02,0.78,0.105
920,0.085,0.055,0.02,0.82,0.02
921,0.085,0.0,0.01,0.895,0.01
922,0.175,0.03,0.02,0.745,0.03
923,0.74,0.045,0.06,0.12,0.035
924,0.83,0.09,0.025,0.0,0.055
925,0.72,0.025,0.13,0.11,0.015
926,0.7,0.07,0.045,0.145,0.04
927,0.895,0.02,0.02,0.01,0.055
928,0.86,0.01,0.065,0.05,0.015
929,0.86,0.015,0.065,0.015,0.045
930,0.725,0.005,0.0,0.245,0.025
931,0.735,0.06,0.03,0.15,0.025
932,0.81,0.03,0.11,0.02,0.03
933,0.675,0.265,0.025,0.015,0.02
934,0.785,0.01,0.175,0.015,0.015
935,0.36,0.1,0.26,0.2,0.08
936,0.15,0.26,0.4,0.07,0.12
937,0.71,0.1,0.01,0.12,0.06
938,0.785,0.005,0.17,0.02,0.02
939,0.92,0.02,0.035,0.01,0.015
940,0.48,0.28,0.16,0.045,0.035
941,0.79,0.045,0.035,0.065,0.065
942,0.02,0.92,0.005,0.025,0.03
943,0.025,0.86,0.025,0.01,0.08
944,0.29,0.35,0.07,0.135,0.155
945,0.115,0.03,0.05,0.015,0.79
946,0.14,0.01,0.04,0.07,0.74
947,0.07,0.11,0.675,0.1,0.045
948,0.22,0.09,0.56,0.08,0.05
949,0.265,0.055,0.515,0.105,0.06
950,0.235,0.03,0.57,0.105,0.06
951,0.055,0.01,0.93,0.0,0.005
952,0.085,0.005,0.02,0.865,0.025
953,0.0,0.01,0.025,0.96,0.005
954,0.03,0.035,0.07,0.825,0.04
955,0.0,0.06,0.01,0.84,0.09
956,0.065,0.015,0.005,0.88,0.035
957,0.01,0.0,0.005,0.98,0.005
958,0.05,0.0,0.025,0.91,0.015
959,0.005,0.0,0.01,0.975,0.01
960,0.045,0.03,0.01,0.87,0.045
961,0.015,0.0,0.0,0.98,0.005
962,0.165,0.025,0.07,0.725,0.015
963,0.835,0.015,0.09,0.035,0.025
964,0.835,0.095,0.035,0.015,0.02
965,0.2892857142857143,0.205,0.09,0.3207142857142857,0.095
966,0.805,0.055,0.095,0.04,0.005
967,0.805,0.045,0.095,0.05,0.005
968,0.895,0.015,0.075,0.005,0.01
969,0.83,0.095,0.06,0.0,0.015
970,0.82,0.055,0.04,0.02,0.065
971,0.685,0.04,0.055,0.16,0.06
972,0.345,0.07,0.29,0.205,0.09
973,0.88,0.015,0.045,0.04,0.02
974,0.955,0.01,0.025,0.01,0.0
975,0.935,0.0,0.01,0.025,0.03
976,0.505,0.085,0.265,0.03,0.115
977,0.11,0.065,0.745,0.055,0.025
978,0.145,0.005,0.005,0.83,0.015
979,0.825,0.035,0.045,0.065,0.03
980,0.825,0.02,0.0,0.125,0.03
981,0.92,0.02,0.03,0.02,0.01
982,0.91,0.01,0.07,0.005,0.005
983,0.185,0.44,0.065,0.055,0.255
984,0.09,0.06,0.075,0.07,0.705
985,0.035,0.05,0.18,0.01,0.725
986,0.18,0.12,0.12,0.33,0.25
987,0.24,0.02,0.645,0.04,0.055
988,0.01,0.035,0.905,0.025,0.025
989,0.075,0.04,0.865,0.005,0.015
990,0.08,0.015,0.87,0.015,0.02
991,0.165,0.01,0.02,0.79,0.015
992,0.05,0.0825,0.015,0.835,0.0175
993,0.795,0.035,0.095,0.045,0.03
994,0.805,0.095,0.04,0.045,0.015
995,0.88,0.01,0.045,0.045,0.02
996,0.565,0.06,0.245,0.08,0.05
997,0.655,0.025,0.255,0.025,0.04
998,0.705,0.08,0.155,0.025,0.035
999,0.8,0.02,0.04,0.08,0.06
1000,0.88,0.025,0.02,0.055,0.02
1001,0.91,0.015,0.055,0.01,0.01
1002,0.565,0.08,0.21,0.11,0.035
1003,0.785,0.045,0.09,0.07,0.01
1004,0.72,0.02,0.085,0.15,0.025
1005,0.825,0.0,0.165,0.005,0.005
1006,0.675,0.165,0.04,0.085,0.035
1007,0.885,0.0,0.075,0.04,0.0
1008,0.905,0.03,0.02,0.015,0.03
1009,0.795,0.015,0.185,0.0,0.005
1010,0.935,0.015,0.035,0.005,0.01
1011,0.055,0.755,0.025,0.05,0.115
1012,0.055,0.85,0.03,0.035,0.03
1013,0.165,0.77,0.015,0.005,0.045
1014,0.005,0.975,0.0,0.01,0.01
1015,0.03,0.845,0.035,0.025,0.065
1016,0.06,0.86,0.01,0.03,0.04
1017,0.035,0.18,0.02,0.02,0.745
1018,0.08,0.03,0.16,0.04,0.69
1019,0.195,0.11,0.285,0.32,0.09
1020,0.035,0.015,0.02,0.03,0.9
1021,0.075,0.03,0.025,0.815,0.055
1022,0.02,0.0,0.015,0.955,0.01
1023,0.05,0.02,0.035,0.865,0.03
1024,0.02,0.0,0.015,0.955,0.01
1025,0.48061904761904783,0.005,0.005,0.5093809523809522,0.0
1026,0.075,0.025,0.13,0.735,0.035
1027,0.34,0.17,0.22,0.135,0.135
1028,0.03,0.025,0.065,0.86,0.02
1029,0.68,0.1,0.03,0.17,0.02
1030,0.72,0.035,0.185,0.025,0.035
1031,0.83,0.025,0.09,0.035,0.02
1032,0.755,0.055,0.135,0.005,0.05
1033,0.9,0.0,0.065,0.02,0.015
1034,0.825,0.03,0.125,0.01,0.01
1035,0.65,0.09,0.055,0.105,0.1
1036,0.735,0.065,0.105,0.075,0.02
1037,0.68,0.055,0.165,0.06,0.04
1038,0.49,0.13,0.16,0.07,0.15
1039,0.705,0.0,0.21,0.07,0.015
1040,0.86,0.015,0.06,0.04,0.025
1041,0.79,0.025,0.04,0.09,0.055
1042,0.755,0.105,0.1,0.015,0.025
1043,0.535,0.125,0.25,0.085,0.005
1044,0.06,0.835,0.015,0.005,0.085
1045,0.885,0.02,0.035,0.045,0.015
1046,0.93,0.005,0.02,0.035,0.01
1047,0.48061904761904783,0.005,0.005,0.5093809523809522,0.0
1048,0.92,0.015,0.02,0.035,0.01
1049,0.915,0.035,0.01,0.02,0.02
1050,0.02,0.815,0.015,0.135,0.015
1051,0.045,0.77,0.06,0.075,0.05
1052,0.04,0.845,0.01,0.02,0.085
1053,0.035,0.735,0.06,0.045,0.125
1054,0.215,0.265,0.345,0.03,0.145
1055,0.04,0.02,0.85,0.035,0.055
1056,0.08,0.025,0.82,0.015,0.06
1057,0.07,0.005,0.91,0.0,0.015
1058,0.085,0.035,0.835,0.03,0.015
1059,0.035,0.025,0.91,0.015,0.015
1060,0.405,0.16,0.19,0.135,0.11
1061,0.11,0.01,0.015,0.845,0.02
1062,0.02,0.13,0.02,0.725,0.105
1063,0.025,0.0,0.005,0.955,0.015
1064,0.08,0.055,0.035,0.75,0.08
1065,0.075,0.03,0.03,0.8,0.065
1066,0.36,0.05,0.23,0.23,0.13
1067,0.055,0.01,0.04,0.88,0.015
1068,0.02,0.015,0.02,0.935,0.01
1069,0.13,0.005,0.035,0.82,0.01
1070,0.11,0.07333333333333333,0.025,0.67,0.12166666666666667
1071,0.815,0.025,0.13,0.02,0.01
1072,0.89,0.0,0.1,0.005,0.005
1073,0.715,0.065,0.04,0.095,0.085
1074,0.83,0.025,0.045,0.065,0.035
1075,0.7,0.0325,0.185,0.015,0.0675
1076,0.69,0.055,0.185,0.045,0.025
1077,0.74,0.005,0.18,0.055,0.02
1078,0.875,0.04,0.035,0.03,0.02
1079,0.9,0.02,0.06,0.0,0.02
1080,0.915,0.015,0.055,0.01,0.005
1081,0.87,0.005,0.015,0.065,0.045
1082,0.84,0.06,0.015,0.05,0.035
1083,0.96,0.005,0.015,0.01,0.01
1084,0.96,0.005,0.015,0.01,0.01
1085,0.82,0.02,0.13,0.01,0.02
1086,0.88,0.0,0.095,0.015,0.01
1087,0.845,0.025,0.06,0.055,0.015
1088,0.85,0.015,0.025,0.09,0.02
1089,0.745,0.0,0.115,0.09,0.05
1090,0.08,0.76,0.025,0.015,0.12
1091,0.02,0.7575,0.015,0.03,0.1775
1092,0.045,0.01,0.945,0.0,0.0
1093,0.11,0.035,0.81,0.015,0.03
1094,0.015,0.0,0.94,0.005,0.04
1095,0.18,0.07,0.055,0.44,0.255
1096,0.14,0.025,0.075,0.735,0.025
1097,0.045,0.0,0.005,0.935,0.015
1098,0.685,0.12,0.095,0.015,0.085
1099,0.84,0.04,0.07,0.02,0.03
1100,0.845,0.035,0.065,0.04,0.015
1101,0.73,0.21,0.005,0.015,0.04
1102,0.78,0.11,0.02,0.06,0.03
1103,0.97,0.015,0.015,0.0,0.0
1104,0.88,0.055,0.04,0.015,0.01
1105,0.085,0.8,0.07,0.005,0.04
1106,0.04,0.785,0.145,0.01,0.02
1107,0.03,0.875,0.01,0.015,0.07
1108,0.14,0.715,0.0,0.03,0.115
1109,0.03,0.835,0.015,0.015,0.105
1110,0.12,0.77,0.05,0.03,0.03
1111,0.005,0.91,0.005,0.01,0.07
1112,0.075,0.765,0.045,0.065,0.05
1113,0.05,0.905,0.01,0.01,0.025
1114,0.135,0.765,0.03,0.02,0.05
1115,0.035,0.905,0.045,0.015,0.0
1116,0.005,0.865,0.07,0.005,0.055
1117,0.025,0.875,0.005,0.05,0.045
1118,0.015,0.9266666666666665,0.005,0.01,0.04333333333333334
1119,0.1,0.065,0.01,0.03,0.795
1120,0.02,0.095,0.015,0.35,0.52
1121,0.28,0.385,0.155,0.12,0.06
1122,0.055,0.07,0.025,0.045,0.805
1123,0.025,0.055,0.075,0.015,0.83
1124,0.0,0.12,0.045,0.01,0.825
1125,0.055,0.03,0.01,0.035,0.87
1126,0.0,0.0,0.0,0.0,1.0
1127,0.025,0.035,0.88,0.015,0.045
1128,0.03,0.015,0.91,0.015,0.03
1129,0.165,0.22,0.45,0.085,0.08
1130,0.05,0.22583333333333333,0.625,0.025,0.07416666666666667
1131,0.01,0.07,0.865,0.005,0.05
1132,0.01,0.01,0.97,0.01,0.0
1133,0.08,0.11,0.005,0.795,0.01
1134,0.06,0.04,0.005,0.825,0.07
1135,0.015,0.01,0.02,0.955,0.0
1136,0.79,0.04,0.08,0.07,0.02
1137,0.93,0.02,0.025,0.02,0.005
1138,0.855,0.015,0.055,0.06,0.015
1139,0.925,0.015,0.06,0.0,0.0
1140,0.73,0.03,0.17,0.03,0.04
1141,0.895,0.005,0.05,0.035,0.015
1142,0.83,0.05,0.055,0.04,0.025
1143,0.57,0.095,0.22,0.03,0.085
1144,0.925,0.015,0.01,0.04,0.01
1145,0.875,0.02,0.04,0.05,0.015
1146,0.79,0.015,0.13,0.055,0.01
1147,0.76,0.13125,0.075,0.005,0.02875
1148,0.8766666666666666,0.04,0.05,0.02333333333333333,0.01
1149,0.865,0.02,0.07,0.02,0.025
1150,0.115,0.77,0.055,0.02,0.04
1151,0.02,0.865,0.07,0.005,0.04
1152,0.005,0.915,0.005,0.0,0.075
1153,0.155,0.055,0.035,0.03,0.725
1154,0.07,0.005,0.045,0.205,0.675
1155,0.055,0.13,0.03,0.015,0.77
1156,0.07,0.09,0.15,0.005,0.685
1157,0.085,0.06,0.185,0.055,0.615
1158,0.07,0.05,0.07,0.055,0.755
1159,0.05,0.005,0.925,0.005,0.015
1160,0.06,0.03,0.83,0.035,0.045
1161,0.08,0.025,0.695,0.13,0.07
1162,0.015,0.085,0.785,0.045,0.07
1163,0.07,0.045,0.82,0.05,0.015
1164,0.17,0.025,0.72,0.015,0.07
1165,0.235,0.08,0.435,0.125,0.125
1166,0.045,0.015,0.91,0.02,0.01
1167,0.165,0.01,0.03,0.765,0.03
1168,0.115,0.205,0.07,0.475,0.135
1169,0.055,0.005,0.02,0.905,0.015
1170,0.095,0.025,0.04,0.73,0.11
1171,0.115,0.005,0.025,0.835,0.02
1172,0.065,0.015,0.035,0.835,0.05
1173,0.01,0.0,0.03,0.945,0.015
1174,0.65,0.01,0.01,0.315,0.015
1175,0.865,0.02,0.075,0.015,0.025
1176,0.83,0.03,0.04,0.06,0.04
1177,0.835,0.035,0.09,0.01,0.03
1178,0.88,0.01,0.08,0.015,0.015
1179,0.99,0.0,0.01,0.0,0.0
1180,0.81,0.03,0.025,0.11,0.025
1181,0.99,0.0,0.01,0.0,0.0
1182,0.765,0.05,0.11,0.015,0.06
1183,0.775,0.05,0.15,0.025,0.0
1184,0.695,0.045,0.04,0.19,0.03
1185,0.875,0.02,0.045,0.05,0.01
1186,0.88,0.01,0.08,0.015,0.015
1187,0.875,0.02,0.045,0.05,0.01
1188,0.82,0.01,0.14,0.005,0.025
1189,0.87,0.015,0.04,0.06,0.015
1190,0.94,0.01,0.02,0.03,0.0
1191,0.94,0.01,0.02,0.03,0.0
1192,0.745,0.02,0.135,0.065,0.035
1193,0.12,0.755,0.01,0.035,0.08
1194,0.025,0.025,0.87,0.025,0.055
1195,0.505,0.12,0.21,0.08,0.085
1196,0.83,0.05,0.045,0.03,0.045
1197,0.795,0.065,0.1,0.025,0.015
1198,0.845,0.005,0.12,0.02,0.01
1199,0.94,0.015,0.02,0.015,0.01
1200,0.58,0.235,0.055,0.055,0.075
1201,0.83,0.005,0.155,0.0,0.01
1202,0.785,0.095,0.035,0.035,0.05
1203,0.92,0.02,0.025,0.015,0.02
1204,0.885,0.04,0.005,0.005,0.065
1205,0.775,0.02,0.11,0.07,0.025
1206,0.72,0.095,0.03,0.06,0.095
1207,0.865,0.015,0.045,0.03,0.045
1208,0.865,0.015,0.045,0.06,0.015
1209,0.815,0.04,0.095,0.03,0.02
1210,0.885,0.01,0.05,0.04,0.015
1211,0.9,0.035,0.04,0.01,0.015
1212,0.6125,0.175,0.09,0.1125,0.01
1213,0.585,0.06,0.05,0.22,0.085
1214,0.015,0.0,0.975,0.0,0.01
1215,0.07,0.875,0.005,0.025,0.025
1216,0.14,0.81,0.025,0.02,0.005
1217,0.03,0.79,0.065,0.08,0.035
1218,0.165,0.45,0.015,0.17,0.2
1219,0.01,0.005,0.985,0.0,0.0
1220,0.02,0.01,0.91,0.03,0.03
1221,0.02,0.025,0.93,0.015,0.01
1222,0.055,0.05,0.835,0.02,0.04
1223,0.115,0.035,0.725,0.115,0.01
1224,0.145,0.03,0.685,0.04,0.1
1225,0.0575,0.15,0.68,0.0625,0.05
1226,0.055,0.04,0.865,0.015,0.025
1227,0.14,0.07,0.71,0.035,0.045
1228,0.145,0.04,0.765,0.01,0.04
1229,0.07,0.03,0.045,0.77,0.085
1230,0.025,0.0825,0.03,0.775,0.0875
1231,0.02,0.01,0.01,0.94,0.02
1232,0.78,0.045,0.135,0.03,0.01
1233,0.845,0.03,0.055,0.04,0.03
1234,0.785,0.085,0.015,0.03,0.085
1235,0.8125,0.02,0.06,0.0925,0.015
1236,0.72,0.09,0.14,0.04,0.01
1237,0.825,0.045,0.08,0.02,0.03
1238,0.68,0.025,0.25,0.025,0.02
1239,0.805,0.045,0.05,0.09,0.01
1240,0.77,0.035,0.005,0.15,0.04
1241,0.81,0.04,0.045,0.06,0.045
1242,0.865,0.03,0.03,0.045,0.03
1243,0.67,0.095,0.04,0.045,0.15
1244,0.805,0.015,0.125,0.05,0.005
1245,0.24,0.07,0.34,0.16,0.19
1246,0.78,0.04,0.07,0.08,0.03
1247,0.035,0.045,0.885,0.02,0.015
1248,0.095,0.055,0.835,0.01,0.005
1249,0.24,0.01,0.735,0.01,0.005
1250,0.065,0.045,0.75,0.085,0.055
1251,0.135,0.01,0.825,0.01,0.02
1252,0.145,0.005,0.005,0.83,0.015
1253,0.945,0.015,0.015,0.02,0.005
1254,0.92,0.005,0.055,0.015,0.005
1255,0.01,0.9066666666666666,0.01,0.035,0.03833333333333333
1256,0.085,0.835,0.01,0.01,0.06
1257,0.08,0.37,0.085,0.08,0.385
1258,0.09,0.83125,0.005,0.015,0.05875
1259,0.105,0.57,0.045,0.025,0.255
1260,0.11,0.765,0.06,0.01,0.055
1261,0.025,0.8,0.065,0.0,0.11
1262,0.065,0.88,0.01,0.015,0.03
1263,0.325,0.06333333333333332,0.35,0.15,0.11166666666666666
1264,0.055,0.815,0.01,0.055,0.065
1265,0.035,0.84,0.05,0.01,0.065
1266,0.185,0.68,0.08,0.04,0.015
1267,0.21,0.33,0.325,0.02,0.115
1268,0.015,0.185,0.075,0.02,0.705
1269,0.165,0.45,0.07,0.015,0.3
1270,0.05,0.4,0.045,0.105,0.4
1271,0.02,0.08666666666666666,0.005,0.175,0.7133333333333334
1272,0.065,0.03,0.135,0.04,0.73
1273,0.065,0.025,0.22,0.015,0.675
1274,0.035,0.08,0.015,0.115,0.755
1275,0.11,0.06,0.095,0.045,0.69
1276,0.3,0.225,0.155,0.07,0.25
1277,0.04,0.045,0.755,0.065,0.095
1278,0.01,0.16,0.805,0.005,0.02
1279,0.06,0.015,0.875,0.025,0.025
1280,0.11,0.14,0.67,0.025,0.055
1281,0.025,0.0,0.97,0.0,0.005
1282,0.01,0.035,0.94,0.005,0.01
1283,0.115,0.045,0.795,0.025,0.02
1284,0.105,0.03,0.835,0.02,0.01
1285,0.08,0.025,0.87,0.005,0.02
1286,0.045,0.0,0.935,0.005,0.015
1287,0.09,0.01,0.865,0.025,0.01
1288,0.02,0.025,0.915,0.005,0.035
1289,0.045,0.045,0.795,0.015,0.1
1290,0.08,0.02,0.875,0.015,0.01
1291,0.155,0.085,0.7,0.04,0.02
1292,0.09,0.02,0.73,0.105,0.055
1293,0.04,0.065,0.825,0.025,0.045
1294,0.12,0.035,0.825,0.005,0.015
1295,0.03,0.015,0.925,0.0,0.03
1296,0.06,0.05,0.09,0.78,0.02
1297,0.055,0.045,0.065,0.645,0.19
1298,0.015,0.01,0.05,0.89,0.035
1299,0.07,0.01,0.035,0.875,0.01
1300,0.0175,0.005,0.01,0.9325,0.035
1301,0.125,0.015,0.035,0.77,0.055
1302,0.45,0.05,0.02,0.415,0.065
1303,0.2505,0.02,0.09,0.6395000000000001,0.0
1304,0.075,0.005,0.015,0.88,0.025
1305,0.08,0.005,0.16,0.71,0.045
1306,0.94,0.025,0.025,0.01,0.0
1307,0.735,0.025,0.105,0.055,0.08
1308,0.6333333333333333,0.04,0.12,0.17166666666666663,0.035
1309,0.875,0.035,0.04,0.02,0.03
1310,0.885,0.005,0.01,0.09,0.01
1311,0.75,0.135,0.04,0.03,0.045
1312,0.86,0.055,0.05,0.035,0.0
1313,0.915,0.015,0.05,0.015,0.005
1314,0.8,0.05,0.025,0.09,0.035
1315,0.65,0.105,0.22,0.005,0.02
1316,0.865,0.02,0.07,0.025,0.02
1317,0.88,0.07,0.025,0.015,0.01
1318,0.925,0.0,0.035,0.035,0.005
1319,0.945,0.005,0.035,0.01,0.005
1320,0.815,0.045,0.04,0.04,0.06
1321,0.785,0.075,0.05,0.06,0.03
1322,0.72,0.0775,0.115,0.03,0.0575
1323,0.05,0.745,0.04,0.055,0.11
1324,0.04,0.88,0.015,0.03,0.035
1325,0.075,0.69,0.16,0.025,0.05
1326,0.095,0.5894166666666667,0.095,0.095,0.12558333333333332
1327,0.02,0.92,0.02,0.01,0.03
1328,0.12,0.06,0.01,0.015,0.795
1329,0.135,0.01,0.13,0.06,0.665
1330,0.105,0.025,0.045,0.215,0.61
1331,0.12,0.01,0.16,0.025,0.685
1332,0.04,0.025,0.01,0.05,0.875
1333,0.155,0.07,0.045,0.03,0.7
1334,0.175,0.03,0.69,0.07,0.035
1335,0.01,0.0,0.985,0.0,0.005
1336,0.205,0.05,0.68,0.035,0.03
1337,0.015,0.0,0.875,0.095,0.015
1338,0.22,0.025,0.685,0.045,0.025
1339,0.07,0.03,0.845,0.045,0.01
1340,0.03,0.075,0.01,0.765,0.12
1341,0.095,0.06,0.035,0.795,0.015
1342,0.07,0.005,0.0,0.915,0.01
1343,0.97,0.0,0.01,0.02,0.0
1344,0.925,0.01,0.005,0.045,0.015
1345,0.79,0.03,0.06,0.085,0.035
1346,0.835,0.035,0.005,0.08,0.045
1347,0.79,0.015,0.145,0.015,0.035
1348,0.945,0.015,0.005,0.025,0.01
1349,0.9,0.015,0.045,0.025,0.015
1350,0.81,0.05,0.055,0.035,0.05
1351,0.895,0.005,0.04,0.035,0.025
1352,0.7,0.125,0.07,0.085,0.02
1353,0.93,0.005,0.025,0.01,0.03
1354,0.77,0.015,0.195,0.005,0.015
1355,0.69,0.045,0.11,0.035,0.12
1356,0.93,0.03,0.005,0.03,0.005
1357,0.915,0.025,0.035,0.01,0.015
1358,0.94,0.015,0.015,0.025,0.005
1359,0.685,0.03,0.155,0.09,0.04
1360,0.9,0.015,0.045,0.025,0.015
1361,0.01,0.915,0.025,0.01,0.04
1362,0.15,0.76,0.03,0.045,0.015
1363,0.025,0.035,0.905,0.025,0.01
1364,0.06,0.03,0.86,0.015,0.035
1365,0.39,0.075,0.23,0.255,0.05
1366,0.1,0.03,0.735,0.085,0.05
1367,0.125,0.0,0.105,0.75,0.02
1368,0.315,0.135,0.145,0.3,0.105
1369,0.85,0.025,0.08,0.045,0.0
1370,0.925,0.02,0.03,0.01,0.015
1371,0.735,0.025,0.075,0.135,0.03
1372,0.8,0.08,0.08,0.04,0.0
1373,0.855,0.03,0.035,0.045,0.035
1374,0.965,0.005,0.005,0.015,0.01
1375,0.735,0.04,0.175,0.02,0.03
1376,0.685,0.04,0.175,0.045,0.055
1377,0.785,0.025,0.11,0.05,0.03
1378,0.87,0.02,0.045,0.045,0.02
1379,0.52,0.085,0.115,0.21,0.07
1380,0.645,0.04,0.005,0.26,0.05
1381,0.8,0.06,0.07,0.05,0.02
1382,0.655,0.19833333333333336,0.07,0.045,0.03166666666666666
1383,0.89,0.02,0.055,0.015,0.02
1384,0.09,0.8325,0.02,0.025,0.0325
1385,0.065,0.26,0.09,0.315,0.27
1386,0.16,0.095,0.015,0.025,0.705
1387,0.17,0.02,0.77,0.03,0.01
1388,0.095,0.02,0.865,0.02,0.0
1389,0.08,0.005,0.865,0.03,0.02
1390,0.01,0.0,0.985,0.0,0.005
1391,0.035,0.1,0.845,0.005,0.015
1392,0.01,0.005,0.975,0.0,0.01
1393,0.035,0.0,0.94,0.015,0.01
1394,0.045,0.005,0.915,0.01,0.025
1395,0.27,0.045,0.615,0.03,0.04
1396,0.045,0.015,0.91,0.005,0.025
1397,0.055,0.04,0.84,0.01,0.055
1398,0.13,0.04,0.02,0.76,0.05
1399,0.155,0.025,0.045,0.73,0.045
1400,0.17,0.045,0.04,0.7,0.045
1401,0.22,0.02,0.04,0.7,0.02
1402,0.05,0.005,0.095,0.82,0.03
1403,0.12,0.055,0.02,0.745,0.06
1404,0.005,0.0,0.005,0.985,0.005
1405,0.04,0.0,0.01,0.945,0.005
1406,0.115,0.01,0.045,0.82,0.01
1407,0.1,0.07,0.09,0.69,0.05
1408,0.7475,0.045,0.095,0.1075,0.005
1409,0.8,0.045,0.045,0.055,0.055
1410,0.955,0.015,0.01,0.015,0.005
1411,0.855,0.02,0.08,0.01,0.035
1412,0.975,0.0,0.01,0.015,0.0
1413,0.86,0.015,0.07,0.04,0.015
1414,0.87,0.025,0.03,0.025,0.05
1415,0.805,0.035,0.025,0.115,0.02
1416,0.34,0.045,0.085,0.49,0.04
1417,0.87,0.03,0.06,0.03,0.01
1418,0.775,0.04,0.055,0.095,0.035
1419,0.57,0.05,0.185,0.08,0.115
1420,0.79,0.06,0.085,0.015,0.05
1421,0.825,0.015,0.055,0.055,0.05
1422,0.855,0.015,0.09,0.025,0.015
1423,0.85,0.015,0.055,0.075,0.005
1424,0.015,0.95,0.005,0.005,0.025
1425,0.015,0.955,0.005,0.01,0.015
1426,0.005,0.975,0.01,0.0,0.01
1427,0.005,0.975,0.01,0.0,0.01
1428,0.015,0.955,0.005,0.01,0.015
1429,0.005,0.975,0.01,0.0,0.01
1430,0.165,0.44,0.125,0.105,0.165
1431,0.065,0.01,0.22,0.01,0.695
1432,0.08,0.15,0.035,0.035,0.7
1433,0.105,0.07,0.055,0.07,0.7
1434,0.085,0.085,0.02,0.1,0.71
1435,0.15,0.04,0.745,0.025,0.04
1436,0.07,0.07,0.695,0.055,0.11
1437,0.025,0.025,0.93,0.015,0.005
1438,0.115,0.14,0.68,0.03,0.035
1439,0.01,0.005,0.015,0.945,0.025
1440,0.23,0.02,0.07,0.665,0.015
1441,0.02,0.04,0.03,0.87,0.04
1442,0.07,0.065,0.04,0.75,0.075
1443,0.87,0.06,0.035,0.015,0.02
1444,0.845,0.03,0.07,0.04,0.015
1445,0.965,0.0,0.02,0.0,0.015
1446,0.2742857142857143,0.155,0.175,0.2157142857142857,0.18
1447,0.415,0.135,0.11,0.09,0.25
1448,0.95,0.0,0.005,0.04,0.005
1449,0.865,0.02,0.04,0.03,0.045
1450,0.885,0.005,0.08,0.02,0.01
1451,0.83,0.045,0.085,0.015,0.025
1452,0.87,0.055,0.035,0.02,0.02
1453,0.895,0.02,0.04,0.025,0.02
1454,0.845,0.035,0.035,0.075,0.01
1455,0.79,0.02,0.05,0.09,0.05
1456,0.855,0.025,0.045,0.06,0.015
1457,0.815,0.07,0.05,0.06,0.005
1458,0.03,0.875,0.01,0.02,0.065
1459,0.005,0.91,0.04,0.0,0.045
1460,0.075,0.8216666666666665,0.05,0.015,0.03833333333333334
1461,0.01,0.94,0.0,0.01,0.04
1462,0.02,0.86,0.0,0.01,0.11
1463,0.015,0.08,0.01,0.075,0.82
1464,0.03,0.025,0.03,0.085,0.83
1465,0.115,0.0,0.855,0.01,0.02
1466,0.24,0.03,0.67,0.015,0.045
1467,0.01,0.0,0.98,0.0,0.01
1468,0.15,0.01,0.81,0.015,0.015
1469,0.025,0.005,0.96,0.0,0.01
1470,0.06,0.035,0.865,0.02,0.02
1471,0.035,0.03,0.875,0.0,0.06
1472,0.06,0.005,0.02,0.875,0.04
1473,0.0775,0.115,0.08,0.6875,0.04
1474,0.01,0.01,0.03,0.92,0.03
1475,0.02,0.015,0.01,0.915,0.04
1476,0.85,0.0,0.045,0.07,0.035
1477,0.9,0.025,0.0,0.06,0.015
1478,0.9,0.025,0.0,0.06,0.015
1479,0.77,0.08,0.08,0.045,0.025
1480,0.725,0.04,0.13,0.035,0.07
1481,0.335,0.135,0.155,0.29,0.085
1482,0.905,0.005,0.035,0.04,0.015
1483,0.795,0.025,0.09,0.035,0.055
1484,0.095,0.695,0.07,0.02,0.12
1485,0.825,0.05,0.015,0.075,0.035
1486,0.455,0.02,0.435,0.055,0.035
1487,0.765,0.09,0.055,0.045,0.045
1488,0.42,0.175,0.03,0.12,0.255
1489,0.915,0.015,0.04,0.02,0.01
1490,0.105,0.69125,0.03,0.035,0.13875
1491,0.11,0.035,0.795,0.03,0.03
1492,0.92,0.005,0.045,0.02,0.01
1493,0.695,0.155,0.065,0.04,0.045
1494,0.095,0.045,0.715,0.13,0.015
1495,0.1,0.03,0.81,0.04,0.02
1496,0.02,0.01,0.015,0.935,0.02
1497,0.3,0.215,0.05,0.18,0.255
1498,0.835,0.05,0.08,0.03,0.005
1499,0.77,0.08,0.05,0.06,0.04
1500,0.915,0.02,0.04,0.015,0.01
1501,0.815,0.055,0.015,0.03,0.085
1502,0.84,0.02,0.04,0.06,0.04
1503,0.96,0.0,0.015,0.015,0.01
1504,0.325,0.135,0.32,0.165,0.055
1505,0.115,0.01,0.03,0.005,0.84
1506,0.27,0.195,0.065,0.22,0.25
