,Product Manager,Database Administrator,Data Engineer,Data Scientist,Data Analyst,Business Analyst,Data Architect
0,0.145,0.01,0.635,0.1,0.05,0.055,0.005
1,0.17,0.015,0.055,0.06,0.63,0.055,0.015
2,0.045,0.035,0.0325,0.08625,0.73,0.035,0.03625
3,0.095,0.025,0.028333333333333332,0.1,0.675,0.075,0.0016666666666666666
4,0.03,0.705,0.045,0.02,0.09,0.07,0.04
5,0.025,0.01,0.01,0.93,0.01,0.015,0.0
6,0.165,0.105,0.07,0.085,0.24166666666666664,0.2533333333333333,0.08
7,0.025,0.02,0.015,0.735,0.14,0.015,0.05
8,0.09,0.02,0.725,0.055,0.05,0.03,0.03
9,0.04,0.065,0.66,0.06,0.03,0.115,0.03
10,0.01,0.01,0.645,0.135,0.1425,0.0375,0.02
11,0.36,0.015,0.04,0.045,0.155,0.35,0.035
12,0.0,0.095,0.75,0.0325,0.035,0.02,0.0675
13,0.06,0.045,0.71,0.045,0.035,0.08,0.025
14,0.035,0.045,0.025,0.095,0.725,0.04,0.035
15,0.035,0.045,0.025,0.02,0.745,0.125,0.005
16,0.01,0.04,0.075,0.0375,0.69,0.095,0.0525
17,0.25,0.05,0.165,0.105,0.215,0.19,0.025
18,0.025,0.07,0.075,0.01375,0.04,0.035,0.74125
19,0.015,0.15,0.045,0.035,0.035,0.09,0.63
20,0.045,0.03,0.115,0.02,0.035,0.13,0.625
21,0.72,0.0,0.08,0.03,0.075,0.085,0.01
22,0.685,0.015,0.03,0.04,0.09,0.105,0.035
23,0.84,0.015,0.045,0.025,0.0,0.04,0.035
24,0.775,0.015,0.05,0.01,0.07,0.07,0.01
25,0.87,0.025,0.02,0.005,0.015,0.06,0.005
26,0.825,0.01,0.035,0.05,0.03,0.05,0.0
27,0.78,0.02,0.05625,0.04,0.01,0.05,0.04375
28,0.805,0.025,0.02,0.02,0.05,0.08,0.0
29,0.89,0.0,0.01,0.02,0.005,0.07,0.005
30,0.495,0.02,0.08,0.115,0.075,0.145,0.07
31,0.845,0.01,0.025,0.01,0.035,0.075,0.0
32,0.915,0.015,0.02,0.0,0.01,0.025,0.015
33,0.93,0.005,0.005,0.015,0.01,0.025,0.01
34,0.89,0.005,0.02,0.01,0.015,0.035,0.025
35,0.94,0.005,0.01,0.01,0.02,0.01,0.005
36,0.13,0.145,0.115,0.125,0.21375,0.20625,0.065
37,0.685,0.005,0.055,0.045,0.04,0.155,0.015
38,0.04,0.025,0.02,0.78,0.07,0.05,0.015
39,0.015,0.04,0.0225,0.655,0.13,0.07,0.0675
40,0.15,0.0,0.7,0.02,0.055,0.065,0.01
41,0.09,0.02,0.725,0.055,0.05,0.03,0.03
42,0.005,0.01,0.95,0.02,0.01,0.0,0.005
43,0.02,0.055,0.74,0.05,0.05,0.06,0.025
44,0.005,0.055,0.045,0.04333333333333334,0.76,0.085,0.006666666666666666
45,0.1,0.045,0.055,0.285,0.33875,0.10625,0.07
46,0.085,0.0,0.02,0.045,0.785,0.06,0.005
47,0.01,0.125,0.03,0.015,0.7,0.09,0.03
48,0.12,0.01,0.055,0.045,0.065,0.03,0.675
49,0.025,0.175,0.305,0.05,0.05,0.135,0.26
50,0.825,0.005,0.015,0.03,0.04166666666666666,0.06333333333333332,0.02
51,0.69,0.11,0.05,0.03,0.045,0.04,0.035
52,0.0,0.005,0.01,0.925,0.02,0.02,0.02
53,0.0,0.0,0.025,0.935,0.015,0.02,0.005
54,0.025,0.01,0.685,0.075,0.08,0.075,0.05
55,0.065,0.025,0.685,0.105,0.03,0.05,0.04
56,0.01,0.1,0.66,0.005,0.015,0.18,0.03
57,0.005,0.005,0.595,0.285,0.05,0.03,0.03
58,0.1,0.025,0.07,0.025,0.075,0.55,0.155
59,0.04,0.135,0.055,0.025,0.675,0.04,0.03
60,0.01,0.05,0.0225,0.035,0.69,0.105,0.0875
61,0.075,0.23,0.055,0.06499999999999999,0.185,0.24,0.15
62,0.965,0.0,0.0,0.015,0.005,0.015,0.0
63,0.945,0.005,0.005,0.01,0.0,0.035,0.0
64,0.87,0.01,0.015,0.01,0.0,0.065,0.03
65,0.865,0.0,0.005,0.0,0.005,0.125,0.0
66,0.85,0.0,0.04,0.04,0.015,0.035,0.02
67,0.02,0.875,0.005,0.005,0.045,0.035,0.015
68,0.0,0.73,0.015,0.13,0.035,0.06,0.03
69,0.015,0.815,0.05,0.01,0.055,0.02,0.035
70,0.0,0.87,0.025,0.005,0.03,0.01,0.06
71,0.0,0.935,0.015,0.005,0.005,0.02,0.02
72,0.06,0.015,0.04,0.68,0.035,0.16,0.01
73,0.01,0.01,0.005,0.755,0.1,0.11,0.01
74,0.015,0.0,0.005,0.92,0.03,0.03,0.0
75,0.005,0.005,0.0,0.885,0.0625,0.0125,0.03
76,0.01,0.035,0.085,0.79,0.02,0.02,0.04
77,0.155,0.0,0.04,0.745,0.035,0.02,0.005
78,0.025,0.005,0.07,0.78,0.065,0.025,0.03
79,0.005,0.01,0.025,0.89,0.045,0.01,0.015
80,0.005,0.045,0.045,0.755,0.055,0.055,0.04
81,0.0,0.0,0.01,0.95,0.024,0.006,0.01
82,0.015,0.045,0.01,0.43,0.34,0.13,0.03
83,0.17,0.01,0.04,0.665,0.015,0.09,0.01
84,0.19,0.01,0.03,0.665,0.015,0.065,0.025
85,0.0,0.005,0.035,0.825,0.06,0.01,0.065
86,0.005,0.04,0.075,0.685,0.07,0.07,0.055
87,0.035,0.01,0.035,0.77,0.035,0.08,0.035
88,0.04,0.01,0.05,0.72,0.05,0.08,0.05
89,0.1,0.005,0.025,0.715,0.065,0.08,0.01
90,0.03,0.075,0.2325,0.22125,0.225,0.16,0.05625
91,0.015,0.03,0.65,0.055,0.025,0.185,0.04
92,0.005,0.05,0.73,0.03,0.06,0.095,0.03
93,0.03,0.14,0.185,0.115,0.125,0.315,0.09
94,0.0,0.0,0.995,0.005,0.0,0.0,0.0
95,0.035,0.045,0.635,0.02,0.045,0.16,0.06
96,0.005,0.01,0.95,0.02,0.01,0.0,0.005
97,0.01,0.085,0.61,0.06,0.0475,0.0575,0.13
98,0.02,0.045,0.6104166666666666,0.06958333333333333,0.095,0.115,0.045
99,0.04,0.02,0.66,0.045,0.055,0.125,0.055
100,0.03,0.02,0.77,0.03,0.065,0.05,0.035
101,0.0,0.0,0.995,0.005,0.0,0.0,0.0
102,0.035,0.03,0.035,0.055,0.71,0.105,0.03
103,0.02,0.07,0.085,0.52,0.135,0.14,0.03
104,0.02,0.015,0.07,0.09,0.69,0.08,0.035
105,0.005,0.14,0.025,0.045,0.68,0.085,0.02
106,0.005,0.07,0.0125,0.1375,0.72,0.025,0.03
107,0.01,0.02,0.015,0.005,0.741,0.184,0.025
108,0.03,0.6,0.08,0.01,0.09,0.11,0.08
109,0.01,0.145,0.01,0.035,0.715,0.045,0.04
110,0.02,0.03,0.0175,0.1725,0.7,0.05,0.01
111,0.06,0.485,0.06,0.02,0.235,0.065,0.075
112,0.01,0.02,0.01,0.015,0.69,0.225,0.03
113,0.16,0.065,0.195,0.09,0.115,0.205,0.17
114,0.06,0.115,0.0,0.035,0.095,0.085,0.61
115,0.04,0.45,0.14,0.05,0.135,0.1,0.085
116,0.055,0.06,0.06583333333333333,0.0875,0.115,0.405,0.21166666666666667
117,0.0,0.01,0.0,0.0,0.0,0.005,0.985
118,0.005,0.025,0.04,0.085,0.01,0.0,0.835
119,0.005,0.06,0.065,0.005,0.045,0.06,0.76
120,0.065,0.025,0.375,0.07,0.105,0.18,0.18
121,0.045,0.22,0.075,0.05,0.13,0.325,0.155
122,0.015,0.04,0.03,0.08,0.015,0.015,0.805
123,0.01,0.025,0.025,0.015,0.10511904761904761,0.13988095238095238,0.68
124,0.085,0.035,0.025,0.025,0.05,0.085,0.695
125,0.95,0.0,0.03,0.01,0.0,0.01,0.0
126,0.91,0.015,0.015,0.02,0.03,0.01,0.0
127,0.81,0.01,0.005,0.03,0.045,0.09,0.01
128,0.945,0.005,0.01,0.015,0.01,0.015,0.0
129,0.845,0.015,0.035,0.025,0.02,0.035,0.025
130,0.785,0.0,0.02,0.025,0.075,0.09,0.005
131,0.195,0.06,0.065,0.075,0.18,0.33,0.095
132,0.915,0.01,0.02,0.01,0.0,0.03,0.015
133,0.735,0.005,0.03,0.015,0.1,0.08,0.035
134,0.805,0.015,0.065,0.015,0.02,0.075,0.005
135,0.795,0.015,0.025,0.02,0.04,0.09,0.015
136,0.785,0.005,0.05,0.03,0.05,0.075,0.005
137,0.03,0.875,0.02,0.005,0.03,0.025,0.015
138,0.045,0.65,0.018333333333333333,0.08,0.07,0.085,0.051666666666666666
139,0.185,0.1,0.085,0.03,0.25,0.2,0.15
140,0.015,0.77,0.05,0.01,0.035,0.03,0.09
141,0.025,0.815,0.04,0.015,0.06,0.02,0.025
142,0.005,0.92,0.01,0.005,0.01,0.025,0.025
143,0.035,0.705,0.045,0.02,0.055,0.1,0.04
144,0.025,0.1,0.045,0.09,0.27375,0.44625,0.02
145,0.005,0.785,0.005,0.0,0.08,0.07,0.055
146,0.02,0.9,0.02,0.01,0.015,0.01,0.025
147,0.025,0.775,0.035,0.005,0.02,0.09,0.05
148,0.095,0.325,0.22,0.07,0.085,0.115,0.09
149,0.01,0.675,0.045,0.02,0.06,0.12,0.07
150,0.005,0.915,0.01,0.0,0.035,0.015,0.02
151,0.005,0.92,0.02,0.0,0.025,0.025,0.005
152,0.005,0.875,0.035,0.01,0.035,0.01,0.03
153,0.005,0.73,0.0425,0.005,0.06,0.085,0.0725
154,0.11,0.22,0.105,0.115,0.1,0.2,0.15
155,0.19,0.12,0.07458333333333333,0.07,0.16,0.165,0.22041666666666668
156,0.035,0.04,0.08166666666666668,0.45708333333333334,0.29916666666666664,0.06583333333333333,0.02125
157,0.015,0.025,0.075,0.71,0.06,0.105,0.01
158,0.64,0.0,0.05,0.16,0.045,0.065,0.04
159,0.0,0.03,0.005,0.67,0.23,0.055,0.01
160,0.045,0.11,0.1125,0.145,0.23,0.24,0.1175
161,0.0,0.0,0.05,0.89,0.025,0.02,0.015
162,0.02,0.01,0.0,0.915,0.03,0.025,0.0
163,0.085,0.015,0.055,0.67,0.025,0.085,0.065
164,0.04,0.02,0.01,0.83,0.055,0.035,0.01
165,0.045,0.03,0.765,0.025,0.03,0.07,0.035
166,0.01,0.03,0.005,0.19,0.71,0.04,0.015
167,0.025,0.14,0.015,0.04,0.705,0.03,0.045
168,0.01,0.015,0.015,0.21,0.715,0.02,0.015
169,0.025,0.025,0.05,0.04,0.75,0.08,0.03
170,0.075,0.065,0.035,0.09,0.37,0.325,0.04
171,0.025,0.03,0.025,0.065,0.72,0.1,0.035
172,0.03,0.03,0.035,0.11166666666666666,0.645,0.12,0.028333333333333335
173,0.01,0.22,0.025,0.01,0.02,0.07,0.645
174,0.005,0.2,0.03,0.015,0.025,0.015,0.71
175,0.0,0.06,0.035,0.005,0.005,0.01,0.885
176,0.085,0.15,0.095,0.08,0.18,0.27,0.14
177,0.0,0.06,0.035,0.005,0.005,0.01,0.885
178,0.125,0.015,0.045,0.01,0.08,0.065,0.66
179,0.02,0.175,0.01,0.01,0.06,0.04,0.685
180,0.0,0.61,0.055,0.045,0.055,0.12,0.115
181,0.925,0.005,0.02,0.005,0.01,0.035,0.0
182,0.86,0.0,0.015,0.06,0.02,0.035,0.01
183,0.665,0.005,0.04,0.05,0.07,0.16,0.01
184,0.96,0.0,0.005,0.0,0.005,0.025,0.005
185,0.075,0.055,0.19375,0.08791666666666668,0.09,0.38,0.11833333333333335
186,0.675,0.025,0.065,0.065,0.045,0.105,0.02
187,0.6,0.01,0.005,0.075,0.215,0.085,0.01
188,0.005,0.815,0.005,0.0,0.015,0.14,0.02
189,0.03,0.7,0.025,0.015,0.11875,0.08625,0.025
190,0.0,0.94,0.01,0.005,0.01,0.005,0.03
191,0.09,0.01,0.04625,0.7,0.065,0.085,0.00375
192,0.05,0.34,0.1015,0.2585,0.145,0.06,0.045
193,0.07,0.005,0.025,0.71,0.10875,0.07125,0.01
194,0.12,0.0,0.02,0.71,0.08,0.065,0.005
195,0.015,0.01,0.4458928571428571,0.49410714285714286,0.025,0.01,0.0
196,0.005,0.09,0.05,0.7449999999999999,0.08,0.02,0.01
197,0.0,0.005,0.01,0.865,0.065,0.01,0.045
198,0.02,0.04,0.015,0.71,0.04,0.14,0.035
199,0.17,0.01,0.04,0.71,0.02,0.03,0.02
200,0.025,0.005,0.015,0.89,0.05,0.015,0.0
201,0.055,0.005,0.0325,0.665,0.09,0.075,0.0775
202,0.01,0.0525,0.04,0.26,0.195,0.3775,0.065
203,0.02,0.01,0.015,0.765,0.05,0.115,0.025
204,0.005,0.02,0.0175,0.7,0.135,0.1,0.0225
205,0.125,0.095,0.04,0.11,0.225,0.37,0.035
206,0.005,0.015,0.005,0.84,0.1,0.025,0.01
207,0.0,0.185,0.69,0.005,0.04,0.04,0.04
208,0.09,0.015,0.73,0.015,0.06,0.07,0.02
209,0.25,0.035,0.3375,0.065,0.09,0.145,0.0775
210,0.015,0.01,0.4458928571428571,0.49410714285714286,0.025,0.01,0.0
211,0.015,0.015,0.675,0.03,0.1025,0.1175,0.045
212,0.13,0.01,0.115,0.12,0.055,0.04,0.53
213,0.035,0.02,0.03,0.06666666666666667,0.73,0.105,0.013333333333333332
214,0.015,0.025,0.01,0.01,0.825,0.08,0.035
215,0.005,0.075,0.0,0.01,0.755,0.135,0.02
216,0.015,0.03,0.0225,0.0675,0.755,0.105,0.005
217,0.09,0.035,0.045,0.05,0.705,0.065,0.01
218,0.045,0.0,0.0,0.0,0.925,0.025,0.005
219,0.035,0.425,0.075,0.01,0.11,0.18,0.165
220,0.02,0.01,0.04,0.015,0.705,0.165,0.045
221,0.025,0.03,0.09,0.255,0.35,0.225,0.025
222,0.035,0.055,0.07,0.275,0.405,0.115,0.045
223,0.01,0.005,0.0,0.005,0.925,0.045,0.01
224,0.045,0.165,0.125,0.255,0.17,0.165,0.075
225,0.01,0.02,0.01,0.0,0.89,0.06,0.01
226,0.045,0.0,0.0,0.0,0.925,0.025,0.005
227,0.01,0.035,0.025,0.05,0.03,0.155,0.695
228,0.01,0.035,0.025,0.05,0.03,0.155,0.695
229,0.09,0.005,0.08,0.1,0.03,0.035,0.66
230,0.025,0.025,0.11875,0.025,0.025,0.05,0.73125
231,0.56,0.04,0.04,0.045,0.065,0.205,0.045
232,0.68,0.045,0.075,0.015,0.035,0.115,0.035
233,0.755,0.015,0.05,0.005,0.055,0.1,0.02
234,0.69,0.03,0.015,0.045,0.115,0.09,0.015
235,0.82,0.01,0.02,0.055,0.01,0.075,0.01
236,0.99,0.0,0.0,0.01,0.0,0.0,0.0
237,0.805,0.005,0.03,0.03,0.03,0.1,0.0
238,0.65,0.085,0.02,0.03,0.095,0.105,0.015
239,0.85,0.01,0.025,0.03,0.02,0.035,0.03
240,0.925,0.005,0.0,0.03,0.01,0.03,0.0
241,0.42,0.02,0.03,0.04,0.085,0.33,0.075
242,0.905,0.0,0.015,0.025,0.01,0.035,0.01
243,0.005,0.82,0.06,0.01,0.05,0.03,0.025
244,0.0,0.935,0.015,0.0,0.015,0.01,0.025
245,0.06,0.89,0.01,0.01,0.01,0.015,0.005
246,0.02,0.53,0.03,0.045,0.15,0.155,0.07
247,0.025,0.51,0.05,0.035,0.11,0.2,0.07
248,0.115,0.145,0.08333333333333331,0.12,0.17,0.325,0.04166666666666667
249,0.03,0.68,0.02,0.025,0.06,0.135,0.05
250,0.02,0.67,0.04333333333333334,0.03,0.11,0.09,0.03666666666666667
251,0.015,0.88,0.04,0.005,0.025,0.015,0.02
252,0.1,0.685,0.03,0.015,0.03,0.105,0.035
253,0.03,0.77,0.075,0.015,0.02,0.045,0.045
254,0.02,0.785,0.025,0.03,0.06,0.05,0.03
255,0.005,0.975,0.0,0.0,0.005,0.01,0.005
256,0.005,0.8875,0.015,0.005,0.035,0.0325,0.02
257,0.015,0.22,0.665,0.005,0.035,0.03,0.03
258,0.15,0.015,0.675,0.035,0.075,0.045,0.005
259,0.015,0.02,0.66,0.075,0.1,0.095,0.035
260,0.105,0.035,0.175,0.51,0.035,0.125,0.015
261,0.005,0.115,0.66,0.07,0.015,0.02,0.115
262,0.15,0.015,0.625,0.02,0.025,0.11,0.055
263,0.2,0.02,0.66,0.025,0.04,0.04,0.015
264,0.015,0.035,0.68,0.03,0.05,0.115,0.075
265,0.02,0.045,0.68,0.03,0.045,0.165,0.015
266,0.0,0.18,0.71,0.005,0.03,0.05,0.025
267,0.04,0.035,0.7,0.1025,0.03,0.06,0.0325
268,0.07,0.035,0.665,0.06,0.06666666666666667,0.06833333333333333,0.035
269,0.005,0.075,0.14833333333333334,0.125,0.215,0.34,0.09166666666666667
270,0.05,0.34,0.115,0.14,0.19,0.125,0.04
271,0.03,0.035,0.075,0.04,0.035,0.12,0.665
272,0.965,0.005,0.005,0.0,0.005,0.015,0.005
273,0.73,0.035,0.045,0.025,0.06,0.095,0.01
274,0.275,0.13,0.055,0.06,0.105,0.335,0.04
275,0.015,0.015,0.05,0.79,0.045,0.05,0.035
276,0.04,0.035,0.03,0.715,0.115,0.045,0.02
277,0.105,0.105,0.18,0.11,0.115,0.27,0.115
278,0.15,0.07,0.15666666666666665,0.13833333333333334,0.12,0.14,0.225
279,0.035,0.035,0.2225,0.21,0.165,0.2,0.1325
280,0.03,0.01,0.02,0.635,0.19,0.095,0.02
281,0.12,0.08,0.11,0.11,0.19,0.325,0.065
282,0.01,0.01,0.025,0.84,0.07,0.02,0.025
283,0.005,0.005,0.065,0.875,0.015,0.015,0.02
284,0.01,0.02,0.7108333333333334,0.07916666666666666,0.115,0.025,0.04
285,0.025,0.04,0.6025,0.0625,0.04,0.2,0.03
286,0.01,0.03,0.7075,0.12916666666666665,0.02,0.045,0.05833333333333334
287,0.015,0.05,0.61,0.02,0.075,0.18,0.05
288,0.02,0.025,0.72,0.045,0.05,0.11,0.03
289,0.005,0.195,0.6025,0.035,0.04,0.045,0.0775
290,0.01,0.09,0.01,0.075,0.7775,0.0325,0.005
291,0.18,0.265,0.085,0.035,0.25,0.125,0.06
292,0.105,0.225,0.1,0.155,0.195,0.18,0.04
293,0.035,0.04,0.0625,0.035,0.705,0.075,0.0475
294,0.005,0.0475,0.005,0.035,0.78,0.0875,0.04
295,0.005,0.005,0.025,0.14041666666666666,0.725,0.075,0.024583333333333336
296,0.045,0.025,0.06,0.025,0.68,0.115,0.05
297,0.025,0.03,0.0575,0.0475,0.67,0.16,0.01
298,0.05,0.01,0.025,0.125,0.725,0.05,0.015
299,0.075,0.005,0.06,0.05,0.74,0.045,0.025
300,0.01,0.015,0.025,0.015,0.68,0.2,0.055
301,0.03,0.025,0.015,0.045,0.8,0.06,0.025
302,0.0,0.035,0.025,0.165,0.065,0.045,0.665
303,0.055,0.015,0.03,0.01,0.02,0.24,0.63
304,0.035,0.015,0.035,0.015,0.05,0.095,0.755
305,0.025,0.33,0.185,0.065,0.055,0.09,0.25
306,0.585,0.03,0.06,0.115,0.015,0.14,0.055
307,0.905,0.0,0.03,0.01,0.01,0.03,0.015
308,0.84,0.005,0.035,0.025,0.025,0.04,0.03
309,0.09,0.105,0.06,0.08,0.145,0.235,0.285
310,0.8,0.015,0.01,0.0,0.015,0.145,0.015
311,0.65,0.05,0.025,0.015,0.055,0.155,0.05
312,0.89,0.015,0.025,0.01,0.03,0.025,0.005
313,0.86,0.015,0.04,0.045,0.015,0.015,0.01
314,0.89,0.01,0.005,0.035,0.01,0.04,0.01
315,0.93,0.0,0.01,0.005,0.005,0.04,0.01
316,0.0,0.92,0.01,0.0,0.025,0.04,0.005
317,0.125,0.645,0.025,0.025,0.06,0.1,0.02
318,0.01,0.895,0.005,0.01,0.05,0.0,0.03
319,0.09,0.675,0.09,0.025,0.015,0.065,0.04
320,0.075,0.66,0.05,0.035,0.04,0.09,0.05
321,0.025,0.765,0.035,0.025,0.05,0.03,0.07
322,0.005,0.88,0.025,0.045,0.0,0.03,0.015
323,0.0,0.82,0.02,0.005,0.03,0.09,0.035
324,0.005,0.82,0.03,0.02,0.03,0.02,0.075
325,0.03,0.8358333333333333,0.025,0.04,0.02,0.034166666666666665,0.015
326,0.015,0.46,0.07,0.04,0.13,0.145,0.14
327,0.06,0.045,0.13,0.12666666666666665,0.11,0.385,0.1433333333333333
328,0.045,0.22,0.04,0.045,0.28374999999999995,0.32125,0.045
329,0.015,0.8,0.01,0.01,0.07,0.055,0.04
330,0.0,0.835,0.05,0.0225,0.005,0.03,0.0575
331,0.035,0.66,0.025,0.04,0.16,0.055,0.025
332,0.01,0.005,0.018333333333333333,0.7866666666666667,0.1175,0.0475,0.015
333,0.01,0.03,0.015,0.76,0.05,0.11,0.025
334,0.01,0.0,0.015,0.925,0.0275,0.0225,0.0
335,0.04,0.025,0.015,0.82,0.05,0.035,0.015
336,0.075,0.0,0.05,0.79,0.03,0.035,0.02
337,0.065,0.015,0.0225,0.7,0.14,0.055,0.0025
338,0.12,0.0,0.035,0.75,0.025,0.06,0.01
339,0.02,0.025,0.055,0.11,0.705,0.07,0.015
340,0.015,0.02,0.025,0.085,0.7516666666666666,0.09333333333333332,0.01
341,0.015,0.01,0.005,0.165,0.715,0.05,0.04
342,0.0,0.23,0.015,0.02,0.67,0.035,0.03
343,0.015,0.02,0.0,0.065,0.745,0.125,0.03
344,0.02,0.055,0.015,0.02,0.7025,0.1775,0.01
345,0.035,0.02,0.01,0.07,0.81875,0.02625,0.02
346,0.015,0.065,0.045,0.035,0.705,0.11,0.025
347,0.045,0.04,0.065,0.05375,0.645,0.12,0.03125
348,0.045,0.03,0.045,0.035,0.05,0.195,0.6
349,0.015,0.05,0.0575,0.02,0.025,0.095,0.7375
350,0.005,0.125,0.04,0.0525,0.045,0.025,0.7075
351,0.005,0.28,0.025,0.03,0.02,0.0,0.64
352,0.77,0.02,0.075,0.045,0.025,0.04,0.025
353,0.89,0.01,0.035,0.015,0.005,0.02,0.025
354,0.83,0.005,0.05,0.03,0.035,0.04,0.01
355,0.73,0.025,0.05,0.075,0.05,0.03,0.04
356,0.955,0.01,0.005,0.005,0.005,0.01,0.01
357,0.715,0.02,0.05,0.05,0.035,0.12,0.01
358,0.76,0.02,0.01,0.025,0.015,0.145,0.025
359,0.66,0.005,0.025,0.035,0.125,0.145,0.005
360,0.85,0.015,0.025,0.005,0.015,0.085,0.005
361,0.92,0.0,0.025,0.005,0.005,0.015,0.03
362,0.955,0.0,0.005,0.005,0.015,0.005,0.015
363,0.94,0.005,0.01,0.01,0.005,0.015,0.015
364,0.01,0.815,0.03,0.015,0.035,0.045,0.05
365,0.01,0.91,0.025,0.0,0.02,0.015,0.02
366,0.01,0.91,0.015,0.0,0.01,0.035,0.02
367,0.02,0.73,0.01,0.02,0.025,0.045,0.15
368,0.005,0.805,0.075,0.015,0.04,0.025,0.035
369,0.02,0.66,0.026666666666666665,0.015,0.195,0.065,0.018333333333333333
370,0.0,0.965,0.0,0.0,0.015,0.0,0.02
371,0.015,0.635,0.0,0.195,0.07,0.055,0.03
372,0.015,0.77,0.05,0.01,0.02,0.05,0.085
373,0.0,0.97,0.005,0.005,0.01,0.0,0.01
374,0.005,0.775,0.06,0.015,0.025,0.035,0.085
375,0.0,0.95,0.015,0.0,0.005,0.0,0.03
376,0.015,0.005,0.08,0.805,0.05,0.015,0.03
377,0.0,0.0,0.05,0.92,0.02,0.005,0.005
378,0.035,0.02,0.065,0.77,0.02,0.055,0.035
379,0.04,0.01,0.755,0.055,0.045,0.055,0.04
380,0.03,0.025,0.68,0.015,0.065,0.065,0.12
381,0.02,0.09,0.665,0.015,0.115,0.075,0.02
382,0.095,0.075,0.07,0.135,0.285,0.31,0.03
383,0.005,0.005,0.03,0.17,0.74,0.045,0.005
384,0.01,0.035,0.03,0.06,0.7075,0.1375,0.02
385,0.06,0.35,0.1125,0.04,0.105,0.135,0.1975
386,0.015,0.01,0.02,0.915,0.02,0.01,0.01
387,0.0,0.0,0.01,0.97,0.015,0.005,0.0
388,0.025,0.04,0.675,0.04,0.05,0.1,0.07
389,0.175,0.0,0.685,0.12,0.005,0.01,0.005
390,0.02,0.015,0.7120000000000001,0.078,0.0975,0.0575,0.02
391,0.02,0.03,0.05,0.115,0.015,0.055,0.715
392,0.465,0.055,0.09,0.065,0.05,0.22,0.055
393,0.91,0.005,0.02,0.005,0.025,0.035,0.0
394,0.02,0.81,0.025,0.0,0.07,0.05,0.025
395,0.29,0.07,0.085,0.285,0.08,0.135,0.055
396,0.01,0.02,0.65,0.155,0.075,0.05,0.04
397,0.015,0.005,0.03,0.85,0.07375,0.01625,0.01
398,0.805,0.04,0.035,0.035,0.03,0.05,0.005
399,0.06,0.01,0.05,0.74,0.075,0.06,0.005
400,0.045,0.035,0.02,0.635,0.02,0.2,0.045
401,0.19,0.0,0.015,0.685,0.03,0.075,0.005
402,0.07,0.09,0.17,0.215,0.215,0.14,0.1
403,0.01,0.015,0.705,0.045,0.04,0.115,0.07
404,0.135,0.06,0.285,0.1,0.145,0.14,0.135
405,0.03,0.055,0.055,0.065,0.07,0.065,0.66
406,0.02,0.05,0.05125,0.01,0.06,0.05,0.75875
407,0.115,0.11,0.0975,0.08,0.055,0.13,0.4125
408,0.01,0.065,0.015,0.01,0.055,0.155,0.69
409,0.005,0.185,0.025,0.0,0.005,0.02,0.76
410,0.875,0.0,0.01875,0.01,0.035,0.055,0.00625
411,0.885,0.005,0.005,0.025,0.02,0.055,0.005
412,0.025,0.56,0.071,0.015,0.12,0.1,0.109
413,0.02,0.205,0.135,0.0325,0.09,0.43,0.0875
414,0.02,0.845,0.01,0.0,0.035,0.075,0.015
415,0.015,0.005,0.015,0.86,0.08,0.01,0.015
416,0.07,0.01,0.01,0.755,0.085,0.055,0.015
417,0.01,0.025,0.025,0.835,0.07,0.015,0.02
418,0.46,0.025,0.085,0.185,0.11,0.09,0.045
419,0.015,0.005,0.035,0.85,0.05,0.01,0.035
420,0.005,0.01,0.01,0.825,0.115,0.03,0.005
421,0.085,0.015,0.06666666666666667,0.7091666666666666,0.035,0.03,0.05916666666666666
422,0.0,0.005,0.005,0.945,0.03,0.005,0.01
423,0.005,0.02,0.015,0.83,0.09,0.035,0.005
424,0.0,0.005,0.005,0.945,0.03,0.005,0.01
425,0.025,0.005,0.015,0.875,0.035,0.025,0.02
426,0.01,0.035,0.705,0.01,0.025,0.13,0.085
427,0.36,0.02,0.055,0.27,0.13,0.145,0.02
428,0.03,0.07,0.6,0.025,0.075,0.11,0.09
429,0.005,0.105,0.715,0.01,0.01,0.105,0.05
430,0.02,0.07,0.085,0.35,0.26,0.14,0.075
431,0.095,0.025,0.645,0.0775,0.045,0.085,0.0275
432,0.12,0.145,0.285,0.065,0.095,0.17,0.12
433,0.115,0.025,0.72,0.04,0.02,0.05,0.03
434,0.02,0.025,0.795,0.045,0.03,0.03,0.055
435,0.0,0.0,0.01,0.35,0.61,0.0,0.03
436,0.085,0.06,0.015,0.01,0.735,0.095,0.0
437,0.025,0.01,0.04,0.655,0.2,0.04,0.03
438,0.01,0.015,0.005,0.055,0.83,0.05,0.035
439,0.02,0.075,0.045,0.005,0.585,0.245,0.025
440,0.005,0.05,0.025,0.015,0.775,0.105,0.025
441,0.025,0.03,0.025,0.01,0.74,0.11,0.06
442,0.025,0.03,0.025,0.01,0.74,0.11,0.06
443,0.015,0.02,0.06,0.045,0.05,0.055,0.755
444,0.04,0.035,0.045,0.04,0.025,0.11,0.705
445,0.015,0.115,0.135,0.02,0.03,0.035,0.65
446,0.05,0.02,0.03,0.06,0.05333333333333334,0.07166666666666667,0.715
447,0.015,0.035,0.03,0.015,0.09,0.07,0.745
448,0.115,0.025,0.05,0.04,0.05,0.075,0.645
449,0.095,0.09,0.06,0.04,0.1575,0.3075,0.25
450,0.75,0.02,0.015,0.015,0.1,0.08,0.02
451,0.895,0.02,0.015,0.025,0.015,0.03,0.0
452,0.83,0.0,0.03,0.025,0.055,0.045,0.015
453,0.8,0.005,0.025,0.04,0.02,0.085,0.025
454,0.21,0.06,0.105,0.07,0.1,0.43,0.025
455,0.085,0.71,0.07,0.005,0.02,0.065,0.045
456,0.02,0.87,0.025,0.015,0.015,0.04,0.015
457,0.02,0.87,0.025,0.015,0.015,0.04,0.015
458,0.08,0.52,0.1,0.02,0.11,0.085,0.085
459,0.01,0.02,0.0,0.965,0.0,0.005,0.0
460,0.02,0.015,0.025,0.73,0.145,0.05,0.015
461,0.085,0.01,0.03,0.795,0.0275,0.0425,0.01
462,0.025,0.06,0.07,0.095,0.435,0.26,0.055
463,0.02,0.005,0.02,0.83,0.05,0.055,0.02
464,0.46,0.01,0.1125,0.1925,0.115,0.09,0.02
465,0.325,0.015,0.585,0.005,0.025,0.045,0.0
466,0.02,0.025,0.665,0.055,0.05,0.17,0.015
467,0.0,0.0,0.995,0.005,0.0,0.0,0.0
468,0.03,0.09,0.065,0.095,0.25666666666666665,0.39833333333333326,0.065
469,0.0,0.0,0.995,0.005,0.0,0.0,0.0
470,0.0,0.0,0.985,0.015,0.0,0.0,0.0
471,0.02,0.015,0.02,0.02,0.78875,0.11125,0.025
472,0.03,0.01,0.05,0.025,0.63,0.16,0.095
473,0.145,0.02,0.07,0.035,0.068,0.517,0.145
474,0.065,0.02,0.02,0.125,0.7,0.07,0.0
475,0.015,0.035,0.023333333333333334,0.09666666666666666,0.7425,0.0875,0.0
476,0.035,0.025,0.08,0.035,0.535,0.235,0.055
477,0.01,0.16,0.06,0.0,0.045,0.045,0.68
478,0.07,0.01,0.065,0.025,0.045,0.045,0.74
479,0.015,0.015,0.05125,0.015,0.045,0.095,0.76375
480,0.725,0.065,0.085,0.025,0.02,0.05,0.03
481,0.67,0.04,0.055,0.015,0.09,0.105,0.025
482,0.955,0.0,0.03,0.0,0.005,0.01,0.0
483,0.82,0.0,0.015,0.08,0.045,0.025,0.015
484,0.935,0.0,0.005,0.01,0.015,0.025,0.01
485,0.97,0.0,0.0,0.02,0.0,0.01,0.0
486,0.825,0.015,0.03,0.005,0.02,0.1,0.005
487,0.815,0.025,0.045,0.035,0.015,0.05,0.015
488,0.92,0.0,0.015,0.03,0.02,0.015,0.0
489,0.79,0.005,0.035,0.01,0.02,0.095,0.045
490,0.87,0.01,0.03,0.025,0.03,0.025,0.01
491,0.83,0.03,0.0425,0.03,0.01,0.035,0.0225
492,0.94,0.01,0.02,0.005,0.005,0.015,0.005
493,0.835,0.05,0.035,0.015,0.015,0.035,0.015
494,0.575,0.02,0.045,0.09,0.065,0.15,0.055
495,0.165,0.09125,0.055,0.115,0.15,0.34375,0.08
496,0.62,0.05,0.075,0.06,0.02,0.115,0.06
497,0.95,0.005,0.015,0.005,0.02,0.005,0.0
498,0.695,0.0,0.01,0.06,0.165,0.055,0.015
499,0.905,0.01,0.025,0.005,0.01,0.02,0.025
500,0.795,0.01,0.03,0.01,0.06,0.07,0.025
501,0.025,0.76,0.02,0.02,0.075,0.035,0.065
502,0.015,0.8,0.055,0.01,0.035,0.04,0.045
503,0.03,0.755,0.055,0.025,0.03,0.075,0.03
504,0.01,0.89,0.03,0.015,0.005,0.02,0.03
505,0.005,0.98,0.0,0.0,0.0,0.015,0.0
506,0.015,0.775,0.055,0.015,0.035,0.055,0.05
507,0.185,0.005,0.04,0.715,0.015,0.015,0.025
508,0.035,0.055,0.045,0.6783333333333332,0.055,0.075,0.056666666666666664
509,0.015,0.005,0.035,0.89,0.03,0.01,0.015
510,0.02,0.04,0.045,0.65,0.13,0.1,0.015
511,0.04,0.005,0.055,0.755,0.08,0.035,0.03
512,0.025,0.025,0.02,0.75,0.07,0.09,0.02
513,0.03,0.015,0.04,0.685,0.065,0.085,0.08
514,0.01,0.015,0.11,0.63,0.05,0.12,0.065
515,0.075,0.025,0.055,0.75,0.035,0.025,0.035
516,0.04,0.04,0.0125,0.675,0.125,0.065,0.0425
517,0.05,0.23,0.67,0.005,0.01,0.025,0.01
518,0.04,0.03,0.0725,0.7,0.08,0.01,0.0675
519,0.005,0.02,0.04,0.05,0.725,0.15,0.01
520,0.015,0.035,0.025,0.015,0.795,0.1,0.015
521,0.04,0.07,0.018333333333333333,0.015,0.695,0.13,0.03166666666666666
522,0.015,0.01,0.015,0.01,0.72,0.2,0.03
523,0.01,0.225,0.025,0.02,0.57,0.08,0.07
524,0.005,0.025,0.015,0.015,0.8,0.135,0.005
525,0.035,0.05,0.035,0.025,0.735,0.09,0.03
526,0.015,0.01,0.04,0.23,0.655,0.045,0.005
527,0.05,0.02,0.03,0.03,0.75,0.095,0.025
528,0.02,0.04,0.045,0.15,0.66,0.075,0.01
529,0.02,0.08,0.05583333333333333,0.02,0.725,0.035,0.06416666666666666
530,0.05,0.035,0.02,0.005,0.74,0.12,0.03
531,0.015,0.06,0.05,0.02,0.04,0.215,0.6
532,0.005,0.225,0.015,0.01,0.025,0.055,0.665
533,0.1,0.42,0.06625,0.05,0.07,0.035,0.25875
534,0.055,0.005,0.02,0.025,0.03,0.025,0.84
535,0.055,0.005,0.02,0.025,0.03,0.025,0.84
536,0.035,0.06,0.08,0.235,0.125,0.345,0.12
537,0.165,0.05,0.14,0.1,0.14,0.28,0.125
538,0.575,0.045,0.1,0.03,0.06,0.12,0.07
539,0.87,0.01,0.025,0.04,0.01,0.03,0.015
540,0.89,0.005,0.03,0.005,0.025,0.035,0.01
541,0.1,0.16,0.095,0.07375,0.165,0.33,0.07625
542,0.905,0.0,0.02,0.005,0.015,0.045,0.01
543,0.8,0.1,0.045,0.005,0.025,0.02,0.005
544,0.025,0.77,0.05,0.02,0.08,0.035,0.02
545,0.03,0.74,0.03,0.015,0.06,0.09,0.035
546,0.345,0.04,0.07833333333333332,0.065,0.07,0.33,0.07166666666666667
547,0.035,0.675,0.09,0.03,0.135,0.03,0.005
548,0.05,0.655,0.025,0.01,0.165,0.06,0.035
549,0.01,0.815,0.01,0.025,0.07,0.045,0.025
550,0.02,0.915,0.015,0.0,0.03,0.015,0.005
551,0.015,0.04,0.045,0.6975,0.07,0.11,0.0225
552,0.02,0.0,0.06,0.785,0.105,0.015,0.015
553,0.075,0.035,0.2,0.27,0.1975,0.0925,0.13
554,0.01,0.03,0.72,0.055,0.06,0.055,0.07
555,0.015,0.19,0.68,0.005,0.02,0.03,0.06
556,0.03,0.015,0.02,0.01,0.62,0.265,0.04
557,0.185,0.025,0.07,0.205,0.2625,0.2075,0.045
558,0.02,0.02,0.015,0.04,0.1,0.115,0.69
559,0.035,0.04,0.04,0.045,0.105,0.065,0.67
560,0.025,0.085,0.03833333333333334,0.045,0.06,0.02,0.7266666666666666
561,0.055,0.065,0.055,0.02,0.055,0.13,0.62
562,0.92,0.0,0.015,0.03,0.01,0.025,0.0
563,0.75,0.01,0.025,0.03,0.07,0.095,0.02
564,0.77,0.005,0.02,0.03,0.085,0.075,0.015
565,0.955,0.01,0.005,0.005,0.005,0.01,0.01
566,0.915,0.0,0.01,0.0,0.01,0.055,0.01
567,0.925,0.005,0.03,0.02,0.005,0.015,0.0
568,0.71,0.05833333333333333,0.01,0.045,0.06,0.10666666666666667,0.01
569,0.11,0.295,0.09,0.085,0.18000000000000005,0.19999999999999996,0.04
570,0.005,0.94,0.02,0.0,0.01,0.015,0.01
571,0.01,0.825,0.025,0.005,0.035,0.045,0.055
572,0.015,0.765,0.065,0.015,0.06,0.04,0.04
573,0.005,0.92,0.005,0.005,0.015,0.03,0.02
574,0.005,0.94,0.02,0.0,0.01,0.015,0.01
575,0.1,0.09,0.0725,0.1975,0.095,0.385,0.06
576,0.035,0.025,0.08,0.65,0.106,0.079,0.025
577,0.035,0.04,0.085,0.645,0.0675,0.0775,0.05
578,0.0,0.0,0.005,0.965,0.02,0.0,0.01
579,0.065,0.065,0.145,0.08,0.18,0.34,0.125
580,0.0,0.0,0.005,0.965,0.02,0.0,0.01
581,0.195,0.01,0.05,0.605,0.05,0.065,0.025
582,0.045,0.02,0.035,0.725,0.045,0.11,0.02
583,0.035,0.005,0.005,0.84,0.0325,0.0775,0.005
584,0.39,0.04,0.12,0.1675,0.07,0.1,0.1125
585,0.02,0.01,0.005,0.885,0.03,0.05,0.0
586,0.01,0.005,0.005,0.945,0.025,0.01,0.0
587,0.035,0.035,0.07,0.685,0.115,0.04,0.02
588,0.025,0.0,0.00375,0.80125,0.08199999999999999,0.073,0.015
589,0.015,0.05,0.06,0.695,0.03,0.11,0.04
590,0.01,0.005,0.02,0.9,0.04,0.025,0.0
591,0.07,0.125,0.3,0.155,0.105,0.15,0.095
592,0.005,0.005,0.715,0.23,0.03,0.01,0.005
593,0.01,0.025,0.71,0.16,0.005,0.035,0.055
594,0.06,0.01,0.675,0.055,0.065,0.095,0.04
595,0.145,0.025,0.735,0.01,0.005,0.075,0.005
596,0.495,0.025,0.08,0.205,0.095,0.07,0.03
597,0.215,0.01,0.64,0.03,0.045,0.035,0.025
598,0.32,0.025,0.045,0.06,0.155,0.305,0.09
599,0.22,0.01,0.649,0.065,0.015,0.02,0.021
600,0.055,0.145,0.665,0.01,0.04,0.03,0.055
601,0.01,0.04,0.77625,0.0,0.045,0.065,0.06375
602,0.025,0.05,0.725,0.075,0.0225,0.0525,0.05
603,0.04,0.475,0.07,0.055,0.06,0.11,0.19
604,0.01,0.135,0.72,0.01,0.02,0.03,0.075
605,0.06,0.395,0.065,0.005,0.17,0.21,0.095
606,0.18,0.005,0.12,0.4425,0.125,0.08,0.0475
607,0.025,0.05,0.055,0.015,0.6825,0.1325,0.04
608,0.035,0.075,0.04,0.065,0.715,0.045,0.025
609,0.005,0.01,0.025,0.18,0.7470833333333333,0.022916666666666665,0.01
610,0.01,0.015,0.04,0.055,0.69,0.12,0.07
611,0.025,0.025,0.025,0.035,0.76,0.075,0.055
612,0.06,0.015,0.02,0.17,0.685,0.035,0.015
613,0.015,0.02,0.01,0.005,0.8120833333333333,0.11791666666666666,0.02
614,0.015,0.08,0.05,0.01,0.73,0.06,0.055
615,0.06,0.03,0.03,0.125,0.325,0.39,0.04
616,0.0,0.16,0.05,0.005,0.715,0.03,0.04
617,0.005,0.015,0.02,0.115,0.735,0.085,0.025
618,0.03,0.165,0.28375,0.04,0.105,0.225,0.15125
619,0.005,0.18,0.03,0.02,0.065,0.05,0.65
620,0.015,0.045,0.0675,0.04,0.085,0.065,0.6825
621,0.015,0.015,0.0675,0.0375,0.085,0.135,0.645
622,0.015,0.12,0.0,0.03,0.065,0.055,0.715
623,0.04,0.035,0.01,0.025,0.125,0.125,0.64
624,0.015,0.04,0.11,0.055,0.04,0.025,0.715
625,0.0,0.055,0.030833333333333334,0.11416666666666668,0.08125,0.01875,0.7
626,0.0,0.31,0.135,0.075,0.14,0.11,0.23
627,0.05,0.04,0.13,0.11,0.48375,0.09625,0.09
628,0.06,0.015,0.01,0.045,0.08875,0.11625,0.665
629,0.05,0.035,0.065,0.03,0.03,0.12,0.67
630,0.69,0.04,0.04,0.045,0.085,0.08,0.02
631,0.95,0.005,0.0,0.01,0.0,0.02,0.015
632,0.89,0.01,0.025,0.015,0.0,0.045,0.015
633,0.765,0.025,0.05,0.055,0.025,0.065,0.015
634,0.41,0.03,0.075,0.105,0.11,0.205,0.065
635,0.985,0.005,0.0,0.0,0.0,0.01,0.0
636,0.765,0.005,0.045,0.055,0.03,0.08,0.02
637,0.69,0.125,0.035,0.01,0.04,0.085,0.015
638,0.61,0.04,0.165,0.025,0.07,0.085,0.005
639,0.855,0.005,0.045,0.035,0.005,0.045,0.01
640,0.76,0.025,0.06,0.05,0.02,0.065,0.02
641,0.0,0.835,0.01,0.0,0.045,0.05,0.06
642,0.03,0.675,0.065,0.03,0.09,0.065,0.045
643,0.23,0.345,0.185,0.02,0.08,0.08,0.06
644,0.0,0.775,0.105,0.005,0.02,0.05,0.045
645,0.065,0.82,0.01,0.005,0.015,0.025,0.06
646,0.01,0.8,0.06,0.02,0.045,0.03,0.035
647,0.035,0.625,0.065,0.045,0.02,0.13,0.08
648,0.01,0.79,0.035,0.02666666666666667,0.045,0.075,0.018333333333333333
649,0.0,0.83,0.02,0.015,0.015,0.075,0.045
650,0.005,0.75,0.1,0.015,0.025,0.04,0.065
651,0.005,0.785,0.04,0.05,0.05,0.04,0.03
652,0.085,0.11,0.435,0.115,0.095,0.08,0.08
653,0.01,0.0,0.0,0.87,0.07,0.04,0.01
654,0.0,0.0,0.015,0.95,0.01,0.005,0.02
655,0.005,0.06,0.028333333333333332,0.725,0.06,0.065,0.056666666666666664
656,0.045,0.085,0.08083333333333334,0.29916666666666664,0.28833333333333333,0.10666666666666667,0.095
657,0.08,0.1,0.7,0.0,0.04,0.055,0.025
658,0.045,0.095,0.09,0.09,0.5,0.16,0.02
659,0.015,0.045,0.02,0.01,0.815,0.08,0.015
660,0.445,0.045,0.165,0.15,0.045,0.11,0.04
661,0.65,0.015,0.045,0.045,0.095,0.105,0.045
662,0.03,0.015,0.015,0.85,0.07666666666666667,0.013333333333333332,0.0
663,0.15,0.03,0.665,0.015,0.02,0.09,0.03
664,0.065,0.025,0.725,0.08,0.02,0.035,0.05
665,0.895,0.0,0.015,0.0575,0.0275,0.0025,0.0025
666,0.02,0.015,0.02,0.725,0.07,0.125,0.025
667,0.025,0.02,0.045,0.82,0.04,0.045,0.005
668,0.0,0.01,0.02,0.89,0.0575,0.0125,0.01
669,0.035,0.16,0.09833333333333334,0.12,0.09,0.32,0.17666666666666664
670,0.005,0.0,0.01,0.92,0.035,0.02,0.01
671,0.015,0.01,0.035,0.78,0.06,0.075,0.025
672,0.0,0.02,0.005,0.925,0.03,0.015,0.005
673,0.045,0.065,0.68,0.08,0.06,0.06,0.01
674,0.065,0.015,0.745,0.06,0.065,0.035,0.015
675,0.04,0.085,0.665,0.005,0.025,0.175,0.005
676,0.025,0.08,0.015,0.045,0.65,0.17,0.015
677,0.005,0.075,0.025,0.065,0.745,0.035,0.05
678,0.01,0.145,0.045,0.03,0.685,0.035,0.05
679,0.055,0.0,0.025,0.04,0.685,0.195,0.0
680,0.135,0.105,0.12,0.10875,0.1175,0.2025,0.21125
681,0.135,0.085,0.04,0.01,0.07,0.03,0.63
682,0.895,0.005,0.01,0.045,0.01,0.02,0.015
683,0.945,0.0,0.0,0.015,0.005,0.02,0.015
684,0.935,0.015,0.01,0.01,0.005,0.02,0.005
685,0.715,0.03,0.035,0.04,0.01,0.11,0.06
686,0.815,0.01,0.07,0.045,0.015,0.035,0.01
687,0.92,0.005,0.01,0.01,0.01,0.03,0.015
688,0.01,0.91,0.005,0.0,0.02,0.035,0.02
689,0.03,0.65,0.03,0.08,0.055,0.13,0.025
690,0.005,0.845,0.015,0.03,0.035,0.02,0.05
691,0.0,0.847,0.015,0.015,0.02,0.043,0.06
692,0.015,0.565,0.08,0.03,0.07,0.14,0.1
693,0.045,0.565,0.065,0.02875,0.105,0.07,0.12125
694,0.21,0.005,0.02,0.705,0.03,0.025,0.005
695,0.015,0.025,0.03,0.175,0.56,0.145,0.05
696,0.815,0.0,0.045,0.055,0.055,0.03,0.0
697,0.06,0.065,0.1925,0.12,0.115,0.385,0.0625
698,0.005,0.03,0.05,0.04,0.7233333333333334,0.06166666666666667,0.09
699,0.065,0.04,0.235,0.52,0.05,0.045,0.045
700,0.145,0.025,0.695,0.015,0.02,0.075,0.025
701,0.02,0.01,0.045,0.005,0.765,0.135,0.02
702,0.685,0.005,0.07,0.08,0.075,0.055,0.03
703,0.835,0.02,0.05,0.01,0.015,0.055,0.015
704,0.0,0.855,0.03,0.0,0.05,0.045,0.02
705,0.01,0.0,0.045,0.72,0.08,0.095,0.05
706,0.01,0.005,0.045,0.915,0.015,0.0,0.01
707,0.045,0.005,0.005,0.83,0.075,0.03,0.01
708,0.01,0.02,0.025,0.845,0.025,0.025,0.05
709,0.125,0.035,0.02,0.605,0.05,0.105,0.06
710,0.04,0.005,0.03,0.695,0.11666666666666668,0.07333333333333333,0.04
711,0.04,0.045,0.24,0.325,0.14,0.185,0.025
712,0.0,0.0,0.015,0.95,0.015,0.01,0.01
713,0.035,0.035,0.04,0.69,0.01,0.155,0.035
714,0.005,0.02,0.045,0.82,0.025,0.025,0.06
715,0.03,0.025,0.895,0.0,0.02,0.015,0.015
716,0.025,0.015,0.73,0.16,0.03,0.04,0.0
717,0.005,0.1,0.72,0.03,0.03,0.095,0.02
718,0.095,0.05,0.685,0.06,0.055,0.035,0.02
719,0.03,0.025,0.895,0.0,0.02,0.015,0.015
720,0.015,0.025,0.6833333333333335,0.15666666666666665,0.0825,0.0275,0.01
721,0.015,0.03,0.74,0.055,0.06,0.045,0.055
722,0.04,0.005,0.03,0.695,0.11666666666666668,0.07333333333333333,0.04
723,0.01,0.035,0.065,0.035,0.685,0.135,0.035
724,0.01,0.025,0.05,0.035,0.71,0.095,0.075
725,0.045,0.02,0.03,0.06,0.705,0.12,0.02
726,0.045,0.02,0.03,0.06,0.705,0.12,0.02
727,0.09,0.04,0.07,0.03,0.655,0.08,0.035
728,0.045,0.065,0.085,0.305,0.09,0.355,0.055
729,0.045,0.02,0.005,0.04,0.7768333333333334,0.07316666666666667,0.04
730,0.04,0.025,0.01625,0.01,0.7,0.19,0.01875
731,0.015,0.36,0.05,0.09,0.245,0.12,0.12
732,0.04,0.025,0.065,0.015,0.03,0.09,0.735
733,0.075,0.015,0.07,0.025,0.03,0.105,0.68
734,0.015,0.045,0.02,0.035,0.1525,0.0675,0.665
735,0.955,0.01,0.005,0.005,0.005,0.01,0.01
736,0.815,0.015,0.04,0.015,0.0375,0.0525,0.025
737,0.085,0.23,0.06,0.165,0.085,0.34,0.035
738,0.89,0.005,0.02,0.025,0.02,0.04,0.0
739,0.735,0.005,0.015,0.07,0.09083333333333332,0.049166666666666664,0.035
740,0.0,0.71,0.09,0.01,0.075,0.045,0.07
741,0.035,0.745,0.035,0.01,0.045,0.08,0.05
742,0.01,0.9,0.0,0.0,0.015,0.06,0.015
743,0.005,0.96,0.005,0.0,0.01,0.0,0.02
744,0.015,0.7675,0.045,0.015,0.03,0.1025,0.025
745,0.03,0.76,0.0,0.02,0.025,0.125,0.04
746,0.07,0.1,0.05,0.05,0.26,0.355,0.115
747,0.025,0.635,0.025,0.005,0.02,0.265,0.025
748,0.05,0.095,0.155,0.05875,0.245,0.335,0.06125
749,0.02,0.72,0.085,0.01,0.04,0.075,0.05
750,0.015,0.01,0.006666666666666666,0.9383333333333332,0.02,0.005,0.005
751,0.005,0.0,0.03,0.92,0.015,0.03,0.0
752,0.085,0.13,0.11,0.105,0.235,0.25,0.085
753,0.03,0.03,0.165,0.25875,0.32716666666666666,0.11283333333333333,0.07625
754,0.1,0.025,0.695,0.025,0.04,0.08,0.035
755,0.025,0.09,0.01,0.03,0.705,0.09,0.05
756,0.07,0.06,0.03,0.075,0.695,0.05,0.02
757,0.03,0.05,0.05,0.07,0.69,0.075,0.035
758,0.01,0.055,0.055,0.03,0.06,0.08,0.71
759,0.01,0.045,0.055,0.035,0.04,0.145,0.67
760,0.95,0.005,0.015,0.01,0.015,0.005,0.0
761,0.87,0.005,0.01,0.025,0.015,0.05,0.025
762,0.795,0.015,0.055,0.035,0.01,0.07,0.02
763,0.895,0.005,0.01,0.01,0.01,0.05,0.02
764,0.745,0.04,0.04,0.035,0.025,0.06,0.055
765,0.97,0.0,0.005,0.005,0.01,0.01,0.0
766,0.34,0.065,0.1,0.055,0.065,0.29,0.085
767,0.88,0.005,0.01,0.025,0.02,0.045,0.015
768,0.72,0.025,0.025,0.02,0.06,0.115,0.035
769,0.02,0.025,0.05583333333333333,0.07,0.685,0.105,0.03916666666666666
770,0.02,0.08,0.015,0.015,0.78,0.06,0.03
771,0.01,0.025,0.035,0.06,0.815,0.03,0.025
772,0.045,0.015,0.085,0.36,0.205,0.23,0.06
773,0.855,0.01,0.01,0.035,0.015,0.04,0.035
774,0.765,0.005,0.0,0.14,0.07,0.01,0.01
775,0.71,0.01,0.065,0.09,0.04,0.075,0.01
776,0.235,0.005,0.025,0.035,0.02,0.67,0.01
777,0.025,0.015,0.015,0.105,0.055,0.74,0.045
778,0.015,0.035,0.02,0.02,0.11,0.785,0.015
779,0.05,0.005,0.01,0.17,0.085,0.67,0.01
780,0.29,0.04,0.105,0.07,0.28,0.175,0.04
781,0.13,0.0,0.02,0.125,0.015,0.705,0.005
782,0.07,0.03,0.04,0.045,0.085,0.705,0.025
783,0.04,0.03,0.025,0.035,0.13,0.695,0.045
784,0.22,0.0,0.005,0.035,0.055,0.68,0.005
785,0.02,0.015,0.045,0.05,0.065,0.75,0.055
786,0.195,0.015,0.045,0.01,0.03,0.69,0.015
787,0.03,0.015,0.0175,0.0925,0.1,0.71,0.035
788,0.015,0.015,0.05,0.1,0.105,0.695,0.02
789,0.165,0.065,0.085,0.065,0.1,0.455,0.065
790,0.055,0.025,0.09,0.075,0.1,0.585,0.07
791,0.14,0.095,0.06,0.025,0.08,0.545,0.055
792,0.065,0.02,0.03666666666666667,0.7,0.03,0.12,0.028333333333333332
793,0.015,0.025,0.085,0.695,0.045,0.095,0.04
794,0.04,0.03,0.01,0.76,0.05,0.08,0.03
795,0.045,0.015,0.095,0.805,0.015,0.01,0.015
796,0.0,0.0,0.0075,0.9325,0.05,0.01,0.0
797,0.16,0.005,0.05,0.725,0.015,0.035,0.01
798,0.03,0.025,0.055,0.71,0.0925,0.0525,0.035
799,0.04,0.04,0.045,0.72,0.07375,0.04625,0.035
800,0.01,0.045,0.08,0.635,0.0625,0.1275,0.04
801,0.025,0.025,0.06,0.73,0.03,0.105,0.025
802,0.03,0.025,0.03,0.7,0.075,0.1,0.04
803,0.01,0.02,0.0,0.965,0.0,0.005,0.0
804,0.06,0.02,0.02,0.725,0.07,0.075,0.03
805,0.015,0.045,0.785,0.035,0.02,0.04,0.06
806,0.145,0.035,0.655,0.08833333333333333,0.02,0.035,0.021666666666666664
807,0.0,0.0,0.995,0.005,0.0,0.0,0.0
808,0.04,0.025,0.72,0.025,0.065,0.085,0.04
809,0.0,0.0,0.995,0.005,0.0,0.0,0.0
810,0.07,0.28,0.055,0.05,0.15666666666666668,0.2833333333333333,0.105
811,0.0,0.0,0.985,0.015,0.0,0.0,0.0
812,0.04,0.02,0.645,0.07,0.045,0.175,0.005
813,0.08,0.11,0.205,0.135,0.175,0.205,0.09
814,0.005,0.205,0.7,0.0,0.02,0.05,0.02
815,0.02,0.015,0.725,0.045,0.03,0.06,0.105
816,0.04,0.04,0.03,0.055,0.06,0.075,0.7
817,0.025,0.015,0.01,0.04,0.055,0.195,0.66
818,0.02,0.07,0.055,0.015,0.04,0.13,0.67
819,0.01,0.225,0.015,0.0,0.02,0.1,0.63
820,0.05,0.025,0.035,0.025,0.015,0.09,0.76
821,0.17,0.04,0.12,0.07,0.085,0.395,0.12
822,0.04,0.05,0.025,0.045,0.08,0.085,0.675
823,0.0,0.01,0.0,0.0,0.0,0.005,0.985
824,0.025,0.035,0.035,0.045,0.03,0.13,0.7
825,0.03,0.065,0.1,0.01,0.06,0.08,0.655
826,0.06,0.04,0.02,0.03,0.04,0.17,0.64
827,0.005,0.06,0.075,0.0275,0.015,0.125,0.6925
828,0.945,0.005,0.013333333333333332,0.01,0.01,0.015,0.0016666666666666666
829,0.865,0.0,0.025,0.015,0.045,0.045,0.005
830,0.895,0.0,0.045,0.005,0.02,0.035,0.0
831,0.88,0.01,0.025,0.005,0.005,0.065,0.01
832,0.83,0.015,0.03,0.02,0.02,0.07,0.015
833,0.41,0.02,0.08125,0.26,0.045,0.17,0.01375
834,0.9,0.025,0.025,0.01,0.01,0.02,0.01
835,0.925,0.015,0.01,0.005,0.015,0.01,0.02
836,0.925,0.005,0.02,0.005,0.01,0.035,0.0
837,0.66,0.01,0.0,0.025,0.03,0.255,0.02
838,0.895,0.0,0.01,0.025,0.02,0.04,0.01
839,0.885,0.0,0.005,0.035,0.03,0.04,0.005
840,0.89,0.0,0.035,0.02,0.01,0.025,0.02
841,0.035,0.675,0.075,0.035,0.05,0.105,0.025
842,0.04,0.76,0.035,0.015,0.05,0.055,0.045
843,0.025,0.48583333333333334,0.05,0.045,0.2,0.12416666666666666,0.07
844,0.035,0.715,0.05,0.0,0.065,0.05,0.085
845,0.01,0.88,0.0,0.005,0.035,0.055,0.015
846,0.005,0.835,0.02625,0.055,0.02,0.035,0.02375
847,0.01,0.715,0.055,0.06,0.05,0.06,0.05
848,0.01,0.96,0.01,0.0,0.005,0.005,0.01
849,0.01,0.96,0.01,0.0,0.005,0.005,0.01
850,0.0,0.825,0.025,0.01,0.085,0.01,0.045
851,0.055,0.695,0.04,0.045,0.015,0.11,0.04
852,0.01,0.74,0.045,0.04,0.055,0.045,0.065
853,0.05,0.78,0.04,0.0,0.015,0.05,0.065
854,0.005,0.805,0.045,0.0,0.055,0.05,0.04
855,0.01,0.785,0.03,0.005,0.025,0.085,0.06
856,0.025,0.615,0.09,0.055,0.11166666666666668,0.08833333333333333,0.015
857,0.0,0.94,0.02,0.005,0.015,0.02,0.0
858,0.0,0.015,0.035,0.045,0.03,0.825,0.05
859,0.5,0.087,0.13,0.07,0.06,0.09300000000000001,0.06
860,0.01,0.0,0.01,0.04,0.06,0.87,0.01
861,0.055,0.035,0.03,0.015,0.055,0.735,0.075
862,0.045,0.025,0.025,0.015,0.035,0.845,0.01
863,0.01,0.035,0.005,0.025,0.055,0.835,0.035
864,0.19,0.095,0.07,0.04,0.175,0.285,0.145
865,0.09,0.005,0.04,0.035,0.04875,0.75125,0.03
866,0.015,0.07,0.01,0.01,0.045,0.84,0.01
867,0.015,0.035,0.01,0.085,0.15833333333333333,0.6766666666666665,0.02
868,0.045,0.01,0.005,0.125,0.04,0.755,0.02
869,0.015,0.035,0.03,0.02,0.065,0.795,0.04
870,0.03,0.035,0.018333333333333333,0.02,0.035,0.805,0.05666666666666667
871,0.06,0.12,0.08583333333333332,0.22416666666666668,0.27416666666666667,0.18083333333333335,0.055
872,0.03,0.02,0.02,0.04,0.055,0.79,0.045
873,0.04,0.03,0.095,0.03,0.04,0.695,0.07
874,0.025,0.04,0.045,0.025,0.03,0.805,0.03
875,0.185,0.01,0.03,0.58,0.075,0.1,0.02
876,0.24,0.01,0.03,0.66,0.02,0.02,0.02
877,0.375,0.015,0.07,0.205,0.105,0.21,0.02
878,0.21,0.01,0.015,0.665,0.04,0.045,0.015
879,0.11,0.09,0.02,0.685,0.035,0.045,0.015
880,0.065,0.01,0.01,0.76,0.06,0.08,0.015
881,0.005,0.005,0.02,0.89,0.035,0.035,0.01
882,0.05,0.04,0.07333333333333333,0.635,0.05,0.1,0.051666666666666666
883,0.065,0.01,0.01,0.76,0.06,0.08,0.015
884,0.015,0.01,0.07333333333333333,0.7075,0.105,0.07,0.01916666666666667
885,0.035,0.065,0.03,0.765,0.025,0.05,0.03
886,0.005,0.005,0.005,0.9,0.085,0.0,0.0
887,0.01,0.105,0.73,0.035,0.005,0.065,0.05
888,0.075,0.04,0.685,0.035,0.05,0.09,0.025
889,0.025,0.035,0.6075,0.035,0.07,0.18,0.0475
890,0.03,0.085,0.015,0.025,0.775,0.035,0.035
891,0.02,0.03,0.02,0.01,0.715,0.18,0.025
892,0.035,0.03,0.04,0.015,0.695,0.135,0.05
893,0.0,0.075,0.025,0.1,0.67,0.075,0.055
894,0.045,0.03,0.035,0.01,0.74,0.115,0.025
895,0.015,0.055,0.03,0.055,0.68,0.145,0.02
896,0.075,0.035,0.02,0.05,0.68,0.13,0.01
897,0.105,0.005,0.015,0.115,0.645,0.065,0.05
898,0.0,0.01,0.04,0.77,0.055,0.02,0.105
899,0.05,0.02,0.08,0.01,0.02,0.105,0.715
900,0.0,0.0,0.01,0.225,0.065,0.02,0.68
901,0.0,0.115,0.025,0.005,0.04,0.12,0.695
902,0.08,0.051666666666666666,0.14,0.1,0.215,0.24333333333333335,0.17
903,0.925,0.0,0.05,0.01,0.005,0.005,0.005
904,0.92,0.01,0.025,0.005,0.005,0.035,0.0
905,0.66,0.16,0.015,0.01,0.025,0.105,0.025
906,0.83,0.005,0.08,0.015,0.025,0.04,0.005
907,0.8,0.02,0.04,0.01,0.025,0.1,0.005
908,0.625,0.01,0.09,0.02,0.085,0.155,0.015
909,0.85,0.015,0.02,0.015,0.03166666666666666,0.05833333333333334,0.01
910,0.685,0.025,0.045,0.065,0.03666666666666667,0.08833333333333333,0.055
911,0.915,0.005,0.005,0.005,0.025,0.035,0.01
912,0.815,0.02,0.04,0.01,0.055,0.03,0.03
913,0.91,0.005,0.01,0.01,0.005,0.055,0.005
914,0.81,0.01,0.02,0.06,0.005,0.075,0.02
915,0.945,0.005,0.01,0.005,0.005,0.025,0.005
916,0.9,0.02,0.01,0.045,0.005,0.015,0.005
917,0.005,0.805,0.04,0.015,0.045,0.075,0.015
918,0.05,0.655,0.05,0.02,0.09875,0.09625,0.03
919,0.0,0.625,0.0425,0.06,0.13,0.115,0.0275
920,0.005,0.975,0.0,0.0,0.005,0.01,0.005
921,0.14,0.555,0.08,0.015,0.105,0.055,0.05
922,0.01,0.855,0.005,0.0,0.02,0.065,0.045
923,0.01,0.055,0.02,0.085,0.055,0.76,0.015
924,0.025,0.0,0.02,0.02,0.03,0.895,0.01
925,0.15,0.07,0.0475,0.045,0.11,0.515,0.0625
926,0.025,0.025,0.005,0.015,0.05,0.85,0.03
927,0.015,0.01,0.015,0.035,0.075,0.815,0.035
928,0.035,0.02,0.025,0.015,0.045,0.84,0.02
929,0.04,0.03,0.005,0.04,0.08,0.76,0.045
930,0.045,0.07,0.025,0.06,0.26,0.5,0.04
931,0.02,0.015,0.03,0.03,0.025,0.865,0.015
932,0.03,0.0,0.0,0.0,0.025,0.935,0.01
933,0.075,0.0,0.03,0.03,0.17666666666666667,0.6533333333333334,0.035
934,0.01,0.105,0.1,0.01,0.05,0.64,0.085
935,0.04,0.125,0.0525,0.0675,0.035,0.67,0.01
936,0.25,0.045,0.11,0.05,0.18,0.3,0.065
937,0.02,0.01,0.0075,0.02,0.10083333333333332,0.8191666666666666,0.0225
938,0.2,0.08,0.055,0.065,0.06,0.475,0.065
939,0.11,0.025,0.085,0.03,0.035,0.65,0.065
940,0.195,0.02,0.045,0.035,0.04,0.66,0.005
941,0.025,0.02,0.01,0.025,0.045,0.815,0.06
942,0.15,0.03,0.075,0.12,0.1375,0.4075,0.08
943,0.285,0.04,0.2255,0.07,0.13,0.085,0.16449999999999998
944,0.025,0.17,0.095,0.485,0.065,0.095,0.065
945,0.04,0.03,0.165,0.61,0.065,0.05,0.04
946,0.08,0.07,0.20666666666666664,0.25,0.12125,0.22375,0.04833333333333334
947,0.09,0.0,0.055,0.76,0.04,0.03,0.025
948,0.245,0.025,0.02,0.66,0.005,0.045,0.0
949,0.025,0.035,0.07833333333333332,0.615,0.04,0.14,0.06666666666666667
950,0.02,0.115,0.165,0.16,0.12,0.295,0.125
951,0.0,0.07,0.02875,0.8,0.065,0.03,0.00625
952,0.0,0.0,0.01,0.925,0.04,0.01,0.015
953,0.025,0.02,0.025,0.84,0.06,0.025,0.005
954,0.06,0.015,0.04,0.625,0.1525,0.0775,0.03
955,0.01,0.015,0.029166666666666664,0.8958333333333333,0.005,0.02,0.025
956,0.0,0.0,0.985,0.015,0.0,0.0,0.0
957,0.035,0.02,0.44758333333333333,0.03,0.015,0.01,0.4424166666666667
958,0.045,0.025,0.635,0.025,0.03,0.195,0.045
959,0.0,0.015,0.91,0.005,0.025,0.035,0.01
960,0.0,0.0,0.985,0.015,0.0,0.0,0.0
961,0.165,0.405,0.115,0.04,0.07,0.14,0.065
962,0.015,0.12,0.735,0.025,0.04,0.055,0.01
963,0.0,0.015,0.91,0.005,0.025,0.035,0.01
964,0.23,0.01,0.68,0.015,0.025,0.035,0.005
965,0.03,0.005,0.79,0.055,0.05,0.015,0.055
966,0.115,0.01,0.67,0.07,0.02,0.06,0.055
967,0.035,0.015,0.05,0.05,0.75,0.085,0.015
968,0.01,0.015,0.10375,0.1625,0.675,0.015,0.01875
969,0.015,0.0,0.0,0.015,0.46545238095238106,0.48954761904761895,0.015
970,0.275,0.09,0.095,0.05,0.145,0.245,0.1
971,0.0,0.045,0.035,0.09,0.72,0.08,0.03
972,0.09,0.08,0.135,0.15,0.24,0.22,0.085
973,0.09,0.08,0.135,0.15,0.24,0.22,0.085
974,0.465,0.09,0.14,0.06,0.04,0.12,0.085
975,0.015,0.005,0.015,0.14,0.74,0.045,0.04
976,0.03,0.01125,0.005,0.26,0.64,0.05375,0.0
977,0.005,0.215,0.04,0.005,0.68,0.025,0.03
978,0.03,0.03,0.015,0.055,0.7642857142857143,0.0907142857142857,0.015
979,0.045,0.0,0.0,0.005,0.705,0.22,0.025
980,0.08,0.02,0.04,0.08,0.69,0.08,0.01
981,0.065,0.07,0.065,0.02,0.715,0.035,0.03
982,0.07,0.02,0.04,0.045,0.04,0.03,0.755
983,0.07,0.535,0.09125,0.02,0.065,0.105,0.11375
984,0.12,0.05,0.1575,0.12875,0.03166666666666666,0.12833333333333333,0.38375
985,0.035,0.02,0.44758333333333333,0.03,0.015,0.01,0.4424166666666667
986,0.13,0.145,0.115,0.125,0.21375,0.20625,0.065
987,0.015,0.03,0.02,0.025,0.065,0.11,0.735
988,0.085,0.015,0.0275,0.015,0.025,0.09,0.7425
989,0.035,0.03,0.03,0.035,0.085,0.1,0.685
990,0.09,0.05,0.03,0.02,0.055,0.035,0.72
991,0.005,0.015,0.05,0.07,0.05,0.08,0.73
992,0.94,0.01,0.005,0.01,0.005,0.02,0.01
993,0.685,0.0495,0.0,0.015,0.085,0.14550000000000002,0.02
994,0.85,0.02,0.03,0.0,0.01,0.065,0.025
995,0.785,0.035,0.04,0.015,0.025,0.075,0.025
996,0.725,0.045,0.018000000000000002,0.02,0.06,0.12,0.012
997,0.05,0.07,0.035,0.045,0.125,0.525,0.15
998,0.925,0.015,0.02,0.01,0.005,0.01,0.015
999,0.785,0.035,0.04,0.015,0.025,0.075,0.025
1000,0.65,0.03,0.01,0.065,0.03,0.2,0.015
1001,0.985,0.0,0.0,0.01,0.005,0.0,0.0
1002,0.985,0.0,0.0,0.01,0.005,0.0,0.0
1003,0.78,0.015,0.03,0.04,0.04,0.065,0.03
1004,0.915,0.035,0.0,0.005,0.005,0.02,0.02
1005,0.01,0.91,0.016666666666666666,0.003333333333333333,0.01,0.03,0.02
1006,0.01,0.91,0.016666666666666666,0.003333333333333333,0.01,0.03,0.02
1007,0.015,0.96,0.01,0.0,0.01,0.005,0.0
1008,0.0,0.855,0.02,0.02,0.005,0.07,0.03
1009,0.035,0.885,0.02,0.01,0.01,0.025,0.015
1010,0.005,0.94,0.01,0.0,0.02,0.01,0.015
1011,0.025,0.83375,0.05,0.01,0.03,0.04625,0.005
1012,0.125,0.695,0.03,0.015,0.045,0.075,0.015
1013,0.005,0.975,0.0,0.0,0.0,0.005,0.015
1014,0.03,0.765,0.04,0.0,0.055,0.065,0.045
1015,0.0,0.89875,0.035,0.0,0.015,0.04125,0.01
1016,0.02,0.805,0.0175,0.03,0.025,0.07,0.0325
1017,0.0,0.935,0.005,0.0,0.02,0.025,0.015
1018,0.065,0.785,0.045,0.015,0.02,0.045,0.025
1019,0.045,0.035,0.03,0.025,0.15,0.68,0.035
1020,0.055,0.075,0.035,0.02,0.25,0.525,0.04
1021,0.14,0.1,0.15,0.03,0.16,0.335,0.085
1022,0.62,0.03,0.08,0.05,0.0325,0.1075,0.08
1023,0.025,0.02,0.005,0.005,0.035,0.89,0.02
1024,0.175,0.025,0.03583333333333333,0.035,0.025,0.69,0.014166666666666666
1025,0.055,0.055,0.025,0.0,0.05,0.79,0.025
1026,0.01,0.02,0.02,0.015,0.035,0.86,0.04
1027,0.075,0.03,0.02,0.03,0.13375,0.69125,0.02
1028,0.02,0.02,0.03,0.05,0.065,0.795,0.02
1029,0.0,0.05,0.045,0.015,0.03,0.785,0.075
1030,0.0,0.03,0.035,0.07,0.055,0.81,0.0
1031,0.035,0.015,0.04,0.045,0.07,0.76,0.035
1032,0.0,0.03,0.025,0.075,0.07625,0.77375,0.02
1033,0.065,0.005,0.03,0.005,0.01,0.85,0.035
1034,0.015,0.0,0.0,0.015,0.46545238095238106,0.48954761904761895,0.015
1035,0.005,0.035,0.01,0.005,0.005,0.91,0.03
1036,0.035,0.0,0.02,0.02,0.13,0.795,0.0
1037,0.02,0.01,0.01,0.025,0.115,0.81,0.01
1038,0.05,0.015,0.055,0.055,0.04,0.715,0.07
1039,0.005,0.035,0.01,0.005,0.005,0.91,0.03
1040,0.065,0.045,0.045,0.04,0.1,0.69,0.015
1041,0.035,0.045,0.02,0.005,0.08,0.805,0.01
1042,0.01,0.005,0.015,0.915,0.04,0.01,0.005
1043,0.005,0.0,0.005,0.965,0.02,0.0,0.005
1044,0.02,0.005,0.02,0.83,0.07,0.045,0.01
1045,0.005,0.0,0.02,0.94,0.0175,0.0025,0.015
1046,0.01,0.03,0.67,0.015,0.045,0.145,0.085
1047,0.205,0.025,0.69,0.015,0.02,0.04,0.005
1048,0.055,0.01,0.72,0.06,0.06833333333333334,0.04666666666666666,0.04
1049,0.025,0.1,0.24125,0.07,0.095,0.16,0.30875
1050,0.105,0.04,0.69,0.055,0.07,0.02,0.02
1051,0.005,0.105,0.605,0.095,0.115,0.06,0.015
1052,0.095,0.025,0.72,0.025,0.02,0.075,0.04
1053,0.02,0.005,0.02,0.83,0.07,0.045,0.01
1054,0.165,0.015,0.695,0.015,0.015,0.085,0.01
1055,0.155,0.015,0.035,0.1,0.645,0.035,0.015
1056,0.03,0.045,0.01,0.04,0.78,0.08,0.015
1057,0.015,0.43,0.09,0.065,0.145,0.165,0.09
1058,0.015,0.05,0.005,0.055,0.7383333333333334,0.10166666666666666,0.035
1059,0.03,0.025,0.01,0.02,0.7783333333333333,0.12166666666666666,0.015
1060,0.01,0.08,0.15,0.125,0.27166666666666667,0.22833333333333336,0.135
1061,0.05,0.025,0.04,0.035,0.685,0.14,0.025
1062,0.0,0.16,0.05,0.005,0.715,0.03,0.04
1063,0.025,0.015,0.03,0.035,0.735,0.125,0.035
1064,0.055,0.15,0.04,0.005,0.04,0.01,0.7
1065,0.145,0.075,0.14166666666666666,0.165,0.13666666666666666,0.2033333333333333,0.13333333333333333
1066,0.035,0.04,0.045,0.055,0.075,0.075,0.675
1067,0.02,0.03,0.135,0.035,0.04,0.02,0.72
1068,0.855,0.015,0.005,0.015,0.03,0.075,0.005
1069,0.5,0.075,0.1975,0.0375,0.07,0.11,0.01
1070,0.91,0.0,0.035,0.005,0.01,0.035,0.005
1071,0.915,0.0,0.01,0.04,0.01,0.02,0.005
1072,0.89,0.005,0.025,0.03,0.025,0.01,0.015
1073,0.88,0.01,0.035,0.015,0.045,0.015,0.0
1074,0.91,0.0,0.015,0.015,0.02,0.03,0.01
1075,0.935,0.005,0.02,0.01,0.005,0.01,0.015
1076,0.635,0.09,0.085,0.015,0.02,0.105,0.05
1077,0.92,0.005,0.015,0.01,0.01,0.04,0.0
1078,0.515,0.04,0.09,0.065,0.065,0.18,0.045
1079,0.925,0.005,0.01,0.005,0.0,0.045,0.01
1080,0.015,0.73,0.015,0.02,0.06375,0.09125,0.065
1081,0.04,0.8,0.025,0.01,0.01,0.055,0.06
1082,0.015,0.815,0.045,0.015,0.045,0.02,0.045
1083,0.07,0.81,0.015,0.01,0.015,0.025,0.055
1084,0.03,0.71,0.05625,0.035,0.015,0.08,0.07375
1085,0.105,0.72,0.055,0.02,0.035,0.045,0.02
1086,0.005,0.015,0.035,0.015,0.09666666666666668,0.8083333333333335,0.025
1087,0.0,0.015,0.04,0.05,0.21,0.655,0.03
1088,0.085,0.035,0.0475,0.04,0.03,0.715,0.0475
1089,0.115,0.045,0.045,0.045,0.05,0.67,0.03
1090,0.01,0.025,0.01,0.01,0.19,0.75,0.005
1091,0.05,0.025,0.045,0.025,0.065,0.75,0.04
1092,0.035,0.025,0.045,0.015,0.025,0.805,0.05
1093,0.105,0.01,0.025,0.045,0.1,0.71,0.005
1094,0.015,0.035,0.015,0.015,0.01,0.9,0.01
1095,0.015,0.035,0.015,0.015,0.01,0.9,0.01
1096,0.025,0.02,0.065,0.015,0.025,0.805,0.045
1097,0.06,0.03,0.03166666666666666,0.07333333333333333,0.05,0.73,0.025
1098,0.05,0.05,0.065,0.02,0.085,0.67,0.06
1099,0.14,0.105,0.095,0.105,0.175,0.29,0.09
1100,0.02,0.08,0.07,0.025,0.05,0.71,0.045
1101,0.005,0.005,0.02,0.905,0.045,0.015,0.005
1102,0.02,0.015,0.06,0.78,0.07833333333333332,0.016666666666666666,0.03
1103,0.015,0.045,0.065,0.72,0.04,0.095,0.02
1104,0.04,0.03,0.075,0.38,0.225,0.19,0.06
1105,0.0,0.005,0.02,0.85,0.065,0.035,0.025
1106,0.04,0.025,0.72,0.025,0.065,0.085,0.04
1107,0.005,0.08,0.04,0.0,0.035,0.035,0.805
1108,0.025,0.14883333333333335,0.015,0.045,0.065,0.04116666666666667,0.66
1109,0.08,0.01,0.055,0.04,0.025,0.125,0.665
1110,0.93,0.025,0.0,0.0,0.01,0.035,0.0
1111,0.81,0.055,0.015,0.025,0.02,0.065,0.01
1112,0.9,0.0,0.015,0.005,0.02,0.055,0.005
1113,0.91,0.005,0.055,0.005,0.005,0.02,0.0
1114,0.895,0.005,0.025,0.02,0.005,0.045,0.005
1115,0.89,0.005,0.005,0.02,0.005,0.07,0.005
1116,0.93,0.025,0.0,0.0,0.01,0.035,0.0
1117,0.03,0.71,0.025,0.015,0.025,0.105,0.09
1118,0.015,0.76,0.025,0.005,0.02,0.075,0.1
1119,0.04,0.83,0.015,0.01,0.035,0.035,0.035
1120,0.005,0.89,0.0,0.0,0.025,0.065,0.015
1121,0.0,0.875,0.03,0.005,0.045,0.04,0.005
1122,0.0,0.93,0.03,0.005,0.005,0.015,0.015
1123,0.11,0.64,0.025,0.03,0.05,0.135,0.01
1124,0.0,0.915,0.01,0.005,0.02,0.025,0.025
1125,0.0,0.8475,0.015,0.015,0.035,0.0375,0.05
1126,0.005,0.025,0.015,0.015,0.025,0.855,0.06
1127,0.18,0.005,0.01,0.03,0.03,0.735,0.01
1128,0.055,0.025,0.155,0.03,0.025,0.675,0.035
1129,0.02,0.01,0.01,0.02,0.005,0.92,0.015
1130,0.02,0.01,0.01,0.02,0.005,0.92,0.015
1131,0.04,0.025,0.045,0.02,0.03,0.815,0.025
1132,0.08,0.155,0.115,0.055,0.075,0.49,0.03
1133,0.07,0.09,0.065,0.12,0.3425,0.2525,0.06
1134,0.03,0.04,0.02,0.055,0.125,0.705,0.025
1135,0.035,0.07,0.015,0.025,0.025,0.77,0.06
1136,0.005,0.03,0.015,0.025,0.025,0.805,0.095
1137,0.04,0.015,0.01,0.0,0.105,0.815,0.015
1138,0.02,0.03625,0.015,0.035,0.09,0.76875,0.035
1139,0.01,0.04,0.025,0.025,0.11,0.765,0.025
1140,0.01,0.03,0.02,0.025,0.085,0.775,0.055
1141,0.05,0.075,0.0475,0.12,0.22,0.43,0.0575
1142,0.05,0.015,0.01,0.005,0.05,0.805,0.065
1143,0.0,0.025,0.025,0.02,0.025,0.865,0.04
1144,0.04,0.03,0.025,0.025,0.05,0.805,0.025
1145,0.025,0.03,0.715,0.125,0.035,0.03,0.04
1146,0.02,0.015,0.025,0.06,0.785,0.08,0.015
1147,0.08,0.005,0.015,0.14,0.7225,0.0325,0.005
1148,0.02,0.01,0.055,0.145,0.6675,0.0825,0.02
1149,0.105,0.35,0.145,0.06,0.07,0.065,0.205
1150,0.04,0.04,0.01,0.015,0.07,0.165,0.66
1151,0.79,0.0,0.035,0.055,0.02,0.075,0.025
1152,0.79,0.01,0.02333333333333333,0.02,0.035,0.105,0.016666666666666666
1153,0.855,0.0,0.01,0.05,0.03,0.045,0.01
1154,0.785,0.01,0.035,0.005,0.05,0.1,0.015
1155,0.68,0.02,0.045,0.06,0.05,0.08,0.065
1156,0.86,0.005,0.025,0.015,0.0375,0.0475,0.01
1157,0.92,0.01,0.03,0.03,0.0,0.01,0.0
1158,0.85,0.01,0.04,0.01,0.02,0.065,0.005
1159,0.005,0.91,0.01,0.005,0.03,0.04,0.0
1160,0.0,0.895,0.025,0.0,0.02,0.035,0.025
1161,0.005,0.895,0.01,0.01,0.04,0.03,0.01
1162,0.015,0.03,0.06,0.015,0.08,0.775,0.025
1163,0.01,0.055,0.055,0.02,0.035,0.73,0.095
1164,0.015,0.05,0.03,0.015,0.05,0.795,0.045
1165,0.02,0.01,0.005,0.01,0.035,0.92,0.0
1166,0.02,0.065,0.045,0.03125,0.11,0.705,0.02375
1167,0.05,0.015,0.035,0.01,0.045,0.805,0.04
1168,0.06,0.05,0.01,0.01,0.05,0.79,0.03
1169,0.015,0.045,0.045,0.05,0.17166666666666663,0.6683333333333334,0.005
1170,0.065,0.055,0.075,0.155,0.265,0.28,0.105
1171,0.07,0.015,0.015,0.035,0.04,0.81,0.015
1172,0.05,0.015,0.03,0.035,0.085,0.77,0.015
1173,0.035,0.045,0.025,0.01,0.035,0.825,0.025
1174,0.015,0.03,0.04,0.025,0.08,0.795,0.015
1175,0.0,0.115,0.025,0.215,0.045,0.595,0.005
1176,0.0,0.025,0.0,0.01,0.075,0.875,0.015
1177,0.01,0.01,0.005,0.88,0.065,0.03,0.0
1178,0.055,0.005,0.015,0.905,0.01,0.01,0.0
1179,0.04,0.015,0.03,0.74,0.08,0.02,0.075
1180,0.055,0.005,0.015,0.905,0.01,0.01,0.0
1181,0.09,0.015,0.045,0.76,0.055,0.035,0.0
1182,0.04,0.03,0.005,0.72,0.11,0.095,0.0
1183,0.025,0.025,0.02,0.645,0.135,0.12,0.03
1184,0.015,0.025,0.665,0.13,0.075,0.07,0.02
1185,0.015,0.64,0.1,0.015,0.065,0.07,0.095
1186,0.02,0.02,0.67,0.065,0.09,0.06,0.075
1187,0.035,0.07,0.71,0.03,0.06,0.07,0.025
1188,0.015,0.042,0.74,0.02,0.05,0.073,0.06
1189,0.03,0.01,0.715,0.02,0.03,0.09,0.105
1190,0.05,0.025,0.005,0.045,0.785,0.08,0.01
1191,0.02,0.115,0.02,0.06,0.735,0.04,0.01
1192,0.015,0.035,0.02,0.05,0.735,0.105,0.04
1193,0.09,0.005,0.04,0.055,0.68375,0.10625,0.02
1194,0.18,0.055,0.16,0.065,0.285,0.175,0.08
1195,0.055,0.005,0.04,0.15,0.715,0.01,0.025
1196,0.04,0.035,0.12333333333333334,0.20666666666666667,0.2275,0.3325,0.035
1197,0.05,0.015,0.01,0.025,0.7033333333333335,0.17666666666666664,0.02
1198,0.005,0.162,0.015,0.01,0.74,0.027999999999999997,0.04
1199,0.01,0.075,0.03,0.015,0.1,0.075,0.695
1200,0.87,0.02,0.035,0.02,0.015,0.04,0.0
1201,0.725,0.01,0.025,0.03,0.055,0.12,0.035
1202,0.925,0.0,0.01,0.015,0.015,0.03,0.005
1203,0.885,0.0,0.045,0.005,0.015,0.035,0.015
1204,0.98,0.0,0.0,0.015,0.0,0.005,0.0
1205,0.795,0.02,0.025,0.06,0.015,0.045,0.04
1206,0.715,0.02,0.02,0.025,0.055,0.125,0.04
1207,0.9,0.005,0.005,0.015,0.03,0.035,0.01
1208,0.91,0.01,0.0,0.0,0.015,0.06,0.005
1209,0.615,0.015,0.0,0.015,0.055,0.29,0.01
1210,0.88,0.01,0.02,0.01,0.0,0.075,0.005
1211,0.955,0.0,0.01,0.02,0.0,0.01,0.005
1212,0.705,0.01,0.06,0.05,0.02,0.12,0.035
1213,0.91,0.005,0.0,0.03,0.015,0.015,0.025
1214,0.95,0.0,0.005,0.01,0.01,0.015,0.01
1215,0.95,0.005,0.005,0.005,0.02,0.01,0.005
1216,0.845,0.015,0.025,0.01,0.015,0.08,0.01
1217,0.015,0.69,0.005,0.05,0.13,0.1,0.01
1218,0.0,0.92,0.025,0.005,0.02,0.01,0.02
1219,0.06,0.725,0.045,0.025,0.065,0.025,0.055
1220,0.0,0.85,0.035,0.015,0.02,0.03,0.05
1221,0.05,0.7383333333333333,0.065,0.015,0.04,0.03666666666666667,0.055
1222,0.0,0.915,0.045,0.005,0.01,0.0,0.025
1223,0.05,0.67,0.045,0.045,0.065,0.07,0.055
1224,0.0,0.917,0.015,0.0,0.005,0.027999999999999997,0.035
1225,0.07,0.155,0.115,0.11,0.15,0.29,0.11
1226,0.02,0.075,0.035,0.01,0.06,0.76,0.04
1227,0.025,0.03,0.02,0.025,0.08,0.78,0.04
1228,0.03,0.055,0.025,0.025,0.025,0.79,0.05
1229,0.02,0.115,0.02,0.06,0.735,0.04,0.01
1230,0.04,0.025,0.01,0.025,0.055,0.82,0.025
1231,0.03,0.065,0.035,0.01,0.105,0.73,0.025
1232,0.05,0.085,0.04,0.02,0.085,0.705,0.015
1233,0.0,0.215,0.045,0.0,0.02,0.685,0.035
1234,0.035,0.065,0.055,0.035,0.025,0.74,0.045
1235,0.025,0.01,0.015,0.01,0.03,0.89,0.02
1236,0.01,0.005,0.01,0.29,0.025,0.655,0.005
1237,0.165,0.02,0.045,0.01,0.025,0.73,0.005
1238,0.06,0.07,0.015,0.045,0.045,0.745,0.02
1239,0.1,0.0,0.03,0.08,0.045,0.74,0.005
1240,0.035,0.15,0.08,0.24,0.2675,0.1625,0.065
1241,0.025,0.04,0.03,0.01,0.015,0.845,0.035
1242,0.055,0.005,0.03,0.005,0.035,0.85,0.02
1243,0.005,0.02,0.047499999999999994,0.0675,0.11,0.725,0.025
1244,0.04,0.08,0.06,0.035,0.03,0.735,0.02
1245,0.005,0.005,0.025,0.895,0.05,0.01,0.01
1246,0.015,0.035,0.08666666666666668,0.6270833333333333,0.15,0.045,0.04125
1247,0.015,0.045,0.05,0.74,0.065,0.045,0.04
1248,0.04,0.03,0.685,0.015,0.06,0.11,0.06
1249,0.01,0.01,0.4631904761904763,0.015,0.015,0.015,0.4718095238095237
1250,0.02,0.39,0.115,0.145,0.135,0.115,0.08
1251,0.035,0.04,0.0125,0.035,0.7233333333333334,0.14166666666666666,0.0125
1252,0.01,0.005,0.01,0.01,0.47475000000000017,0.48524999999999985,0.005
1253,0.0,0.025,0.025,0.04,0.81,0.035,0.065
1254,0.0,0.01,0.0,0.0,0.0,0.005,0.985
1255,0.01,0.01,0.4631904761904763,0.015,0.015,0.015,0.4718095238095237
1256,0.705,0.055,0.02,0.055,0.055,0.09,0.02
1257,0.59,0.04,0.05,0.035,0.035,0.2,0.05
1258,0.475,0.025,0.07,0.06,0.065,0.225,0.08
1259,0.8,0.0,0.02,0.015,0.035,0.11,0.02
1260,0.945,0.01,0.005,0.01,0.005,0.02,0.005
1261,0.01,0.855,0.02,0.0,0.03,0.055,0.03
1262,0.0,0.96,0.005,0.015,0.005,0.005,0.01
1263,0.0,0.93,0.005,0.01,0.015,0.03,0.01
1264,0.0,0.825,0.055,0.015,0.05,0.015,0.04
1265,0.0,0.695,0.06,0.01,0.065,0.095,0.075
1266,0.01,0.845,0.07,0.01,0.025,0.025,0.015
1267,0.02,0.89,0.025,0.02,0.02,0.02,0.005
1268,0.01,0.835,0.045,0.005,0.025,0.035,0.045
1269,0.01,0.815,0.015,0.01,0.03,0.08,0.04
1270,0.0,0.885,0.01,0.01,0.045,0.03,0.02
1271,0.025,0.665,0.055,0.04,0.125,0.06,0.03
1272,0.025,0.01,0.01,0.005,0.05125,0.89375,0.005
1273,0.01,0.005,0.01,0.01,0.47475000000000017,0.48524999999999985,0.005
1274,0.045,0.04125,0.06,0.02333333333333333,0.055,0.69375,0.08166666666666667
1275,0.155,0.01,0.015,0.05,0.025,0.74,0.005
1276,0.11,0.075,0.0,0.025,0.33375,0.36625,0.09
1277,0.07,0.005,0.02,0.02,0.065,0.745,0.075
1278,0.035,0.02,0.015,0.035,0.035,0.86,0.0
1279,0.02,0.005,0.005,0.03,0.06,0.875,0.005
1280,0.035,0.005,0.03,0.025,0.035,0.805,0.065
1281,0.05,0.035,0.05,0.06,0.05,0.695,0.06
1282,0.195,0.055,0.125,0.07,0.1,0.35,0.105
1283,0.08,0.075,0.105,0.095,0.14,0.405,0.1
1284,0.05,0.15,0.04,0.14,0.38,0.16,0.08
1285,0.03,0.125,0.03,0.01,0.74,0.04,0.025
1286,0.79,0.02,0.03,0.015,0.025,0.06,0.06
1287,0.76,0.05,0.005,0.035,0.05,0.045,0.055
1288,0.0,0.97,0.0,0.0,0.01,0.005,0.015
1289,0.015,0.09,0.135,0.1,0.08166666666666668,0.48333333333333334,0.095
1290,0.015,0.14,0.005,0.01,0.06,0.72,0.05
1291,0.035,0.045,0.035,0.04,0.085,0.69,0.07
1292,0.165,0.005,0.025,0.015,0.055,0.715,0.02
1293,0.01,0.015,0.03,0.835,0.05,0.025,0.035
1294,0.07,0.03,0.665,0.015,0.045,0.12,0.055
1295,0.65,0.005,0.0565,0.09,0.05,0.105,0.0435
1296,0.025,0.055,0.69,0.003333333333333333,0.045,0.125,0.056666666666666664
1297,0.02,0.025,0.075,0.065,0.715,0.03,0.07
1298,0.04,0.02,0.03,0.025,0.67,0.14,0.075
1299,0.045,0.41,0.14416666666666667,0.07583333333333334,0.105,0.11,0.11
1300,0.1,0.18083333333333332,0.12833333333333333,0.025,0.07,0.26916666666666667,0.22666666666666668
1301,0.04,0.08,0.13,0.35,0.145,0.115,0.14
1302,0.03,0.18,0.01,0.01,0.03,0.02,0.72
1303,0.86,0.01,0.013333333333333332,0.0,0.03,0.075,0.011666666666666665
1304,0.925,0.01,0.0,0.025,0.01,0.025,0.005
1305,0.845,0.005,0.02,0.03,0.005,0.065,0.03
1306,0.865,0.01,0.03,0.01,0.03,0.05,0.005
1307,0.005,0.805,0.03,0.01,0.085,0.06,0.005
1308,0.02,0.755,0.025,0.01,0.105,0.07,0.015
1309,0.035,0.015,0.03,0.03,0.09,0.77,0.03
1310,0.025,0.02,0.03,0.065,0.08,0.735,0.045
1311,0.035,0.025,0.01,0.01,0.02,0.895,0.005
1312,0.12,0.07,0.15,0.025,0.08,0.525,0.03
1313,0.58,0.045,0.125,0.08,0.045,0.08,0.045
1314,0.055,0.015,0.03,0.105,0.105,0.66,0.03
1315,0.02,0.02,0.04,0.025,0.035,0.845,0.015
1316,0.025,0.025,0.005,0.015,0.035,0.875,0.02
1317,0.04,0.035,0.015,0.05,0.1175,0.7225,0.02
1318,0.025,0.03,0.03,0.005,0.03166666666666666,0.8083333333333332,0.07
1319,0.035,0.025,0.03,0.01,0.055,0.79,0.055
1320,0.19,0.44,0.1,0.05,0.105,0.06,0.055
1321,0.285,0.005,0.005,0.005,0.0,0.695,0.005
1322,0.03,0.115,0.045,0.185,0.35,0.155,0.12
1323,0.005,0.025,0.025,0.02,0.0,0.87,0.055
1324,0.055,0.03,0.045,0.025,0.085,0.73,0.03
1325,0.175,0.025,0.01,0.015,0.015,0.755,0.005
1326,0.015,0.005,0.01,0.005,0.015,0.935,0.015
1327,0.005,0.035,0.045,0.4465595238095238,0.0375,0.0075,0.42344047619047614
1328,0.045,0.065,0.13125,0.44375,0.17,0.08,0.065
1329,0.025,0.005,0.02,0.86,0.06,0.02,0.01
1330,0.0,0.01,0.025,0.88,0.045,0.015,0.025
1331,0.01,0.035,0.045,0.81,0.03,0.065,0.005
1332,0.0,0.02,0.025,0.865,0.035,0.025,0.03
1333,0.03,0.025,0.695,0.05,0.065,0.105,0.03
1334,0.075,0.035,0.6554166666666668,0.025,0.025,0.095,0.08958333333333333
1335,0.035,0.105,0.615,0.04,0.09,0.095,0.02
1336,0.01,0.03,0.725,0.02,0.06,0.06,0.095
1337,0.01,0.06,0.06,0.08,0.71,0.04,0.04
1338,0.015,0.0,0.01,0.01,0.925,0.035,0.005
1339,0.025,0.04,0.05,0.035,0.72,0.075,0.055
1340,0.02,0.05,0.09,0.02,0.76,0.05,0.01
1341,0.03,0.03,0.065,0.025,0.07375,0.71125,0.065
1342,0.01,0.01,0.035,0.0,0.7633333333333333,0.15666666666666668,0.025
1343,0.015,0.0,0.01,0.01,0.925,0.035,0.005
1344,0.005,0.005,0.045,0.065,0.745,0.085,0.05
1345,0.055,0.005,0.025,0.135,0.7025,0.0675,0.01
1346,0.07,0.03,0.02,0.02,0.69,0.13,0.04
1347,0.005,0.105,0.015,0.0,0.025,0.05,0.8
1348,0.035,0.02,0.115,0.005,0.03,0.07,0.725
1349,0.005,0.035,0.045,0.4465595238095238,0.0375,0.0075,0.42344047619047614
1350,0.05,0.055,0.04,0.01,0.03,0.155,0.66
1351,0.005,0.08,0.1,0.0,0.015,0.04,0.76
1352,0.01,0.73,0.035,0.015,0.095,0.03,0.085
1353,0.01,0.9,0.015,0.005,0.04,0.015,0.015
1354,0.005,0.87,0.025,0.025,0.015,0.04,0.02
1355,0.01,0.9,0.015,0.005,0.04,0.015,0.015
1356,0.01,0.514797619047619,0.0,0.005,0.01875,0.431452380952381,0.02
1357,0.06,0.76,0.035,0.005,0.03,0.08,0.03
1358,0.035,0.635,0.075,0.04,0.045,0.145,0.025
1359,0.03,0.775,0.03,0.005,0.035,0.04,0.085
1360,0.005,0.135,0.062,0.06,0.045,0.63,0.063
1361,0.175,0.025,0.045,0.04,0.03,0.675,0.01
1362,0.05,0.02,0.035,0.02,0.03,0.805,0.04
1363,0.13,0.01,0.05333333333333334,0.055,0.08,0.655,0.016666666666666666
1364,0.04,0.015,0.0225,0.03,0.04,0.815,0.0375
1365,0.03,0.045,0.03,0.035,0.075,0.765,0.02
1366,0.03,0.03,0.065,0.025,0.07375,0.71125,0.065
1367,0.07,0.055,0.015,0.065,0.06,0.7,0.035
1368,0.03,0.06,0.01,0.02,0.035,0.825,0.02
1369,0.12,0.03,0.1,0.06,0.09166666666666666,0.5783333333333334,0.02
1370,0.64,0.095,0.085,0.02,0.02,0.12,0.02
1371,0.04,0.055,0.08,0.015,0.05,0.705,0.055
1372,0.005,0.07,0.06,0.02,0.035,0.75,0.06
1373,0.1,0.01,0.02,0.08,0.06,0.635,0.095
1374,0.05,0.0075,0.0,0.045,0.135,0.7475,0.015
1375,0.025,0.005,0.04,0.755,0.085,0.08,0.01
1376,0.02,0.03,0.035,0.015,0.08,0.775,0.045
1377,0.03,0.025,0.04,0.03,0.025,0.83,0.02
1378,0.01,0.514797619047619,0.0,0.005,0.01875,0.431452380952381,0.02
1379,0.01,0.05,0.025,0.026000000000000002,0.075,0.8,0.013999999999999999
1380,0.015,0.015,0.025,0.02,0.105,0.765,0.055
1381,0.0,0.28,0.06,0.545,0.065,0.025,0.025
1382,0.025,0.085,0.055,0.69,0.04,0.05,0.055
1383,0.015,0.01,0.04,0.895,0.0,0.02,0.02
1384,0.005,0.03,0.05,0.7,0.125,0.03,0.06
1385,0.11,0.01,0.035,0.655,0.075,0.08,0.035
1386,0.02,0.21,0.035,0.0,0.01,0.045,0.68
1387,0.015,0.075,0.065,0.025,0.04,0.115,0.665
1388,0.04,0.02,0.055,0.055,0.1,0.095,0.635
1389,0.85,0.015,0.045,0.035,0.035,0.02,0.0
1390,0.68,0.025,0.065,0.03,0.045,0.095,0.06
1391,0.92,0.01,0.005,0.0,0.0,0.045,0.02
1392,0.74,0.02,0.06,0.08,0.02,0.065,0.015
1393,0.955,0.0,0.0,0.015,0.005,0.025,0.0
1394,0.02,0.66,0.01,0.015,0.095,0.155,0.045
1395,0.0,0.845,0.005,0.005,0.045,0.065,0.035
1396,0.025,0.71,0.025,0.085,0.05,0.065,0.04
1397,0.0,0.825,0.02,0.0,0.06,0.06,0.035
1398,0.01,0.68,0.055,0.02,0.085,0.12,0.03
1399,0.0,0.835,0.085,0.0,0.035,0.015,0.03
1400,0.11,0.105,0.085,0.05625,0.215,0.285,0.14375
1401,0.025,0.805,0.03,0.01,0.075,0.025,0.03
1402,0.015,0.865,0.025,0.005,0.03,0.015,0.045
1403,0.045,0.45,0.09,0.085,0.14,0.14,0.05
1404,0.0,0.63,0.035,0.04,0.085,0.105,0.105
1405,0.06,0.04,0.02,0.03,0.095,0.74,0.015
1406,0.22,0.0,0.015,0.05,0.02,0.69,0.005
1407,0.075,0.01,0.015,0.03,0.145,0.715,0.01
1408,0.115,0.085,0.08,0.065,0.115,0.45,0.09
1409,0.195,0.04,0.035,0.025,0.025,0.68,0.0
1410,0.15,0.015,0.02,0.035,0.045,0.71,0.025
1411,0.15,0.015,0.05333333333333334,0.025,0.02,0.725,0.011666666666666667
1412,0.045,0.04,0.025,0.075,0.125,0.675,0.015
1413,0.13,0.035,0.035,0.025,0.045,0.705,0.025
1414,0.045,0.055,0.09,0.055,0.405,0.31,0.04
1415,0.025,0.115,0.005,0.015,0.065,0.74,0.035
1416,0.005,0.045,0.015,0.015,0.075,0.82,0.025
1417,0.015,0.01,0.005,0.005,0.015,0.93,0.02
1418,0.015,0.01,0.005,0.005,0.015,0.93,0.02
1419,0.105,0.015,0.025,0.04,0.07,0.73,0.015
1420,0.115,0.01,0.06,0.015,0.03,0.755,0.015
1421,0.03,0.03,0.01,0.035,0.1425,0.7475,0.005
1422,0.02,0.065,0.05,0.01,0.085,0.7,0.07
1423,0.03,0.07,0.065,0.045,0.055,0.71,0.025
1424,0.015,0.005,0.015,0.735,0.12,0.065,0.045
1425,0.0,0.015,0.04,0.81,0.045,0.035,0.055
1426,0.005,0.0,0.0,0.03,0.5100000000000001,0.44999999999999996,0.005
1427,0.02,0.02,0.1075,0.05,0.71,0.05,0.0425
1428,0.42,0.035,0.06,0.185,0.12783333333333333,0.11716666666666668,0.055
1429,0.27,0.075,0.06,0.085,0.245,0.21,0.055
1430,0.025,0.16,0.015,0.01,0.05,0.05,0.69
1431,0.93,0.0,0.02,0.02,0.015,0.01,0.005
1432,0.725,0.02,0.035,0.05,0.09,0.065,0.015
1433,0.93,0.0,0.01,0.01,0.02,0.025,0.005
1434,0.04,0.285,0.24,0.045,0.12,0.155,0.115
1435,0.04,0.695,0.02,0.015,0.095,0.075,0.06
1436,0.0,0.9,0.01,0.0,0.015,0.025,0.05
1437,0.42,0.035,0.06,0.185,0.12783333333333333,0.11716666666666668,0.055
1438,0.065,0.05,0.0575,0.045,0.045,0.635,0.1025
1439,0.03,0.01,0.045,0.025,0.05,0.82,0.02
1440,0.005,0.0,0.0,0.03,0.5100000000000001,0.44999999999999996,0.005
1441,0.01,0.05,0.04,0.085,0.0625,0.7275,0.025
1442,0.035,0.005,0.06,0.015,0.02,0.81,0.055
1443,0.03,0.025,0.035,0.055,0.09,0.75,0.015
1444,0.02,0.025,0.02,0.7816666666666666,0.0825,0.0525,0.018333333333333333
1445,0.085,0.005,0.06,0.77,0.05,0.01,0.02
1446,0.005,0.01,0.025,0.855,0.0725,0.0125,0.02
1447,0.015,0.05,0.0375,0.64,0.08166666666666667,0.11333333333333333,0.0625
1448,0.02,0.03,0.065,0.73,0.035,0.085,0.035
1449,0.01,0.025,0.01,0.785,0.09,0.065,0.015
1450,0.01,0.005,0.035,0.875,0.015,0.055,0.005
1451,0.015,0.055,0.1,0.735,0.025,0.05,0.02
1452,0.005,0.0,0.02,0.945,0.015,0.015,0.0
1453,0.06,0.02,0.08833333333333332,0.7116666666666666,0.055,0.065,0.0
1454,0.045,0.005,0.005,0.85,0.04,0.03,0.025
1455,0.025,0.01,0.035,0.86,0.025,0.045,0.0
1456,0.005,0.045,0.015,0.91,0.01,0.01,0.005
1457,0.01,0.0,0.015,0.86,0.08875,0.01625,0.01
1458,0.02,0.025,0.69,0.03,0.07,0.1,0.065
1459,0.005,0.105,0.73,0.035,0.075,0.015,0.035
1460,0.05,0.025,0.575,0.145,0.07,0.105,0.03
1461,0.015,0.01,0.765,0.03,0.05,0.025,0.105
1462,0.115,0.015,0.785,0.015,0.02,0.005,0.045
1463,0.105,0.005,0.755,0.05125,0.015,0.045,0.02375
1464,0.01,0.055,0.72,0.015,0.065,0.08,0.055
1465,0.0,0.0,0.995,0.005,0.0,0.0,0.0
1466,0.02,0.24,0.015,0.015,0.645,0.04,0.025
1467,0.04,0.02,0.105,0.065,0.67,0.075,0.025
1468,0.015,0.015,0.02,0.245,0.675,0.02,0.01
1469,0.01,0.065,0.055,0.035,0.68,0.075,0.08
1470,0.04,0.02,0.045,0.03,0.725,0.115,0.025
1471,0.09,0.01,0.045,0.11,0.6525,0.0725,0.02
1472,0.16,0.035,0.0125,0.015,0.705,0.05,0.0225
1473,0.01,0.15,0.035,0.01,0.71,0.07,0.015
1474,0.1,0.01,0.03,0.02,0.75,0.075,0.015
1475,0.02,0.025,0.0475,0.04,0.74,0.07,0.0575
1476,0.04,0.03,0.01,0.005,0.03,0.295,0.59
1477,0.015,0.005,0.015,0.02,0.12886904761904763,0.14113095238095236,0.675
1478,0.01,0.01,0.14,0.06,0.07,0.035,0.675
1479,0.01,0.0,0.01,0.34,0.0375,0.0225,0.58
1480,0.0,0.01,0.04,0.77,0.055,0.02,0.105
1481,0.055,0.065,0.055,0.02,0.055,0.13,0.62
1482,0.035,0.025,0.125,0.015,0.005,0.07,0.725
1483,0.015,0.01,0.01,0.07,0.1,0.115,0.68
1484,0.04,0.04,0.025,0.04,0.055,0.04,0.76
1485,0.03,0.43,0.0625,0.1325,0.08,0.215,0.05
1486,0.035,0.005,0.055,0.07625,0.045,0.08,0.70375
1487,0.05,0.065,0.105,0.025,0.1,0.385,0.27
1488,0.485,0.035,0.105,0.09,0.085,0.115,0.085
1489,0.9,0.0,0.03,0.03,0.01,0.03,0.0
1490,0.785,0.015,0.05,0.05,0.04,0.02,0.04
1491,0.69,0.01,0.02166666666666667,0.15333333333333332,0.08,0.025,0.02
1492,0.915,0.0,0.01,0.04,0.01,0.02,0.005
1493,0.985,0.005,0.0,0.0,0.0,0.01,0.0
1494,0.035,0.3,0.08,0.255,0.185,0.06,0.085
1495,0.03,0.387,0.1725,0.1025,0.065,0.128,0.115
1496,0.035,0.885,0.02,0.01,0.01,0.025,0.015
1497,0.06,0.075,0.045,0.02,0.055,0.725,0.02
1498,0.025,0.03,0.03166666666666666,0.025,0.05,0.82,0.018333333333333333
1499,0.17,0.055,0.035,0.02,0.055,0.65,0.015
1500,0.09,0.005,0.025,0.05,0.065,0.73,0.035
1501,0.195,0.015,0.04,0.01,0.035,0.665,0.04
1502,0.01,0.02,0.005,0.005,0.025,0.93,0.005
1503,0.02,0.035,0.0,0.02,0.085,0.82,0.02
1504,0.335,0.02,0.155,0.14,0.12666666666666668,0.15833333333333333,0.065
1505,0.07,0.005,0.04,0.045,0.045,0.77,0.025
1506,0.025,0.0,0.025,0.04,0.0175,0.8525,0.04
1507,0.1,0.04,0.02,0.02,0.025,0.775,0.02
1508,0.08,0.015,0.005,0.17,0.09,0.63,0.01
1509,0.025,0.045,0.02,0.01,0.045,0.81,0.045
1510,0.235,0.045,0.1,0.095,0.145,0.315,0.065
1511,0.065,0.02,0.10333333333333333,0.685,0.045,0.05,0.03166666666666666
1512,0.12,0.015,0.025,0.625,0.075,0.135,0.005
1513,0.01,0.025,0.0725,0.6725,0.14,0.035,0.045
1514,0.05,0.025,0.72,0.025,0.095,0.04,0.045
1515,0.025,0.085,0.68,0.025,0.07,0.065,0.05
1516,0.015,0.01,0.605,0.135,0.075,0.14,0.02
1517,0.205,0.005,0.625,0.01,0.075,0.045,0.035
1518,0.1,0.07,0.655,0.035,0.06,0.06,0.02
1519,0.065,0.04,0.685,0.025,0.02,0.085,0.08
1520,0.04,0.025,0.045,0.06,0.66,0.13,0.04
1521,0.09,0.07,0.045,0.1,0.14,0.44,0.115
1522,0.03,0.11,0.0775,0.075,0.385,0.25,0.0725
1523,0.01,0.045,0.025,0.105,0.76,0.05,0.005
1524,0.035,0.01,0.04,0.065,0.72,0.09,0.04
1525,0.025,0.035,0.015,0.03,0.71,0.17,0.015
1526,0.16,0.0,0.03,0.055,0.68,0.045,0.03
1527,0.02,0.01,0.045,0.115,0.7625,0.0325,0.015
1528,0.015,0.065,0.01,0.02,0.725,0.13,0.035
1529,0.025,0.01,0.03,0.17,0.69,0.045,0.03
1530,0.0,0.14583333333333334,0.015,0.03,0.725,0.05416666666666667,0.03
1531,0.02,0.04,0.06,0.095,0.71,0.06,0.015
1532,0.01,0.045,0.05,0.015,0.065,0.145,0.67
1533,0.025,0.03,0.07,0.055,0.03,0.105,0.685
1534,0.005,0.025,0.05,0.01,0.045,0.135,0.73
1535,0.03,0.585,0.055,0.02,0.09,0.115,0.105
1536,0.93,0.005,0.015,0.02,0.0,0.025,0.005
1537,0.905,0.01,0.02,0.02,0.0,0.035,0.01
1538,0.62,0.07,0.09366666666666668,0.035,0.065,0.055,0.06133333333333333
1539,0.83,0.025,0.035,0.03,0.045,0.01,0.025
1540,0.855,0.015,0.02,0.015,0.04,0.03,0.025
1541,0.15,0.045,0.09,0.045,0.12,0.465,0.085
1542,0.805,0.025,0.075,0.05,0.025,0.02,0.0
1543,0.83,0.0,0.035,0.02,0.015,0.085,0.015
1544,0.01,0.72,0.005,0.01,0.07,0.145,0.04
1545,0.015,0.785,0.04,0.01,0.055,0.055,0.04
1546,0.025,0.85,0.04,0.01,0.02,0.04,0.015
1547,0.02,0.765,0.03125,0.01,0.05,0.075,0.04875
1548,0.005,0.82,0.01,0.0,0.015,0.085,0.065
1549,0.025,0.725,0.045,0.005,0.05833333333333333,0.10666666666666666,0.035
1550,0.015,0.96,0.01,0.0,0.01,0.005,0.0
1551,0.015,0.5875,0.115,0.015,0.05,0.1375,0.08
1552,0.16,0.0,0.04,0.035,0.005,0.75,0.01
1553,0.0,0.02,0.04,0.04,0.065,0.81,0.025
1554,0.075,0.075,0.065,0.11,0.21,0.39,0.075
1555,0.015,0.005,0.025,0.015,0.01,0.92,0.01
1556,0.01,0.01,0.01,0.005,0.005,0.96,0.0
1557,0.025,0.045,0.01,0.025,0.16,0.725,0.01
1558,0.01,0.01,0.01,0.005,0.005,0.96,0.0
1559,0.16,0.02,0.054000000000000006,0.025,0.01,0.71,0.021
1560,0.445,0.0425,0.025,0.06,0.085,0.2475,0.095
1561,0.01,0.05,0.0275,0.025,0.04,0.815,0.0325
1562,0.005,0.005,0.0,0.02,0.035,0.935,0.0
1563,0.015,0.005,0.025,0.015,0.01,0.92,0.01
1564,0.005,0.005,0.0,0.02,0.035,0.935,0.0
1565,0.2,0.0,0.005,0.015,0.0,0.78,0.0
1566,0.04,0.065,0.105,0.02,0.05,0.675,0.045
1567,0.005,0.01,0.005,0.005,0.03,0.93,0.015
1568,0.005,0.01,0.005,0.005,0.03,0.93,0.015
1569,0.155,0.04,0.065,0.035,0.045,0.65,0.01
1570,0.01,0.03,0.07,0.685,0.04,0.12,0.045
1571,0.91,0.0,0.035,0.01,0.01,0.025,0.01
1572,0.055,0.02,0.025,0.055,0.07166666666666667,0.7633333333333334,0.01
1573,0.01,0.02,0.035,0.05,0.02,0.845,0.02
1574,0.07,0.035,0.045,0.11916666666666666,0.325,0.32,0.08583333333333332
1575,0.115,0.005,0.035,0.0,0.025,0.79,0.03
1576,0.01,0.015,0.055,0.015,0.035,0.84,0.03
1577,0.01,0.02,0.03,0.04,0.09,0.78,0.03
1578,0.14,0.025,0.04,0.015,0.11666666666666668,0.6633333333333333,0.0
1579,0.02,0.025,0.04,0.02,0.04,0.805,0.05
1580,0.015,0.02,0.015,0.015,0.035,0.87,0.03
1581,0.02,0.03,0.09,0.035,0.095,0.705,0.025
1582,0.06,0.01,0.03,0.03,0.015,0.82,0.035
1583,0.04,0.13,0.09,0.085,0.3,0.26,0.095
1584,0.045,0.09,0.0725,0.02,0.025,0.665,0.0825
1585,0.065,0.01,0.05,0.02,0.05,0.775,0.03
1586,0.205,0.215,0.02,0.035,0.05666666666666667,0.41333333333333333,0.055
1587,0.05,0.055,0.025,0.01,0.04,0.77,0.05
1588,0.045,0.005,0.025,0.01,0.05,0.845,0.02
1589,0.02,0.015,0.0,0.005,0.08,0.855,0.025
1590,0.01,0.05,0.09125,0.035,0.04,0.735,0.03875
1591,0.03,0.12,0.015,0.03,0.73,0.055,0.02
1592,0.955,0.0,0.0,0.01,0.01,0.025,0.0
1593,0.005,0.02,0.025,0.79,0.10666666666666667,0.04333333333333334,0.01
1594,0.075,0.05,0.09,0.26,0.245,0.24,0.04
1595,0.02,0.03,0.02333333333333333,0.7066666666666666,0.09125,0.09875,0.03
1596,0.005,0.11,0.015,0.775,0.07,0.01,0.015
1597,0.005,0.005,0.015,0.225,0.695,0.04,0.015
1598,0.02,0.145,0.025,0.01,0.71,0.065,0.025
1599,0.23,0.02,0.03,0.005,0.665,0.04,0.01
1600,0.0,0.02,0.01,0.27,0.635,0.035,0.03
1601,0.035,0.065,0.02,0.05,0.675,0.095,0.06
1602,0.03,0.015,0.015,0.79,0.105,0.03,0.015
1603,0.035,0.07,0.0675,0.115,0.135,0.445,0.1325
1604,0.04,0.04,0.04,0.025,0.04125,0.19375,0.62
1605,0.005,0.01,0.055,0.08,0.105,0.075,0.67
1606,0.07,0.095,0.04,0.03,0.09,0.09,0.585
1607,0.99,0.0,0.0,0.005,0.0,0.0,0.005
1608,0.865,0.015,0.04,0.01,0.01,0.04,0.02
1609,0.5,0.02,0.09,0.19,0.115,0.055,0.03
1610,0.48,0.015,0.07,0.18,0.115,0.08,0.06
1611,0.695,0.04,0.07,0.035,0.045,0.075,0.04
1612,0.88,0.01,0.015,0.005,0.025,0.045,0.02
1613,0.18,0.1275,0.025,0.11,0.2075,0.295,0.055
1614,0.75,0.025,0.02,0.03,0.04,0.12,0.015
1615,0.105,0.105,0.075,0.135,0.2,0.285,0.095
1616,0.905,0.005,0.01,0.01,0.025,0.04,0.005
1617,0.025,0.665,0.045,0.035,0.055,0.13,0.045
1618,0.025,0.79,0.0425,0.0575,0.01,0.055,0.02
1619,0.0,0.89,0.025,0.0,0.04,0.025,0.02
1620,0.155,0.035,0.09,0.005,0.005,0.685,0.025
1621,0.06,0.025,0.045,0.04,0.06,0.745,0.025
1622,0.035,0.055,0.095,0.17,0.45666666666666667,0.15833333333333333,0.03
1623,0.055,0.035,0.06,0.025,0.04,0.76,0.025
1624,0.02,0.05,0.045,0.06,0.045,0.75,0.03
1625,0.045,0.015,0.045,0.045,0.015,0.765,0.07
1626,0.105,0.02,0.02,0.02,0.02,0.775,0.04
1627,0.025,0.35,0.04,0.135,0.205,0.195,0.05
1628,0.0,0.085,0.035,0.01,0.06,0.77,0.04
1629,0.025,0.055,0.035,0.015,0.1275,0.7075,0.035
1630,0.035,0.035,0.01,0.0,0.02,0.89,0.01
1631,0.075,0.115,0.115,0.105,0.23,0.165,0.195
1632,0.065,0.02,0.02,0.015,0.015,0.83,0.035
1633,0.075,0.0,0.04,0.01,0.045,0.81,0.02
1634,0.025,0.02,0.01,0.035,0.165,0.695,0.05
1635,0.06,0.06,0.075,0.07,0.485,0.185,0.065
1636,0.03,0.05,0.055,0.05,0.72,0.06,0.035
1637,0.13,0.01,0.03,0.08,0.66,0.065,0.025
1638,0.875,0.005,0.01,0.01,0.02,0.065,0.015
1639,0.88,0.005,0.035,0.03,0.005,0.03,0.015
1640,0.745,0.005,0.01,0.03,0.03,0.17,0.01
1641,0.835,0.01,0.065,0.005,0.01,0.06,0.015
1642,0.85,0.01,0.025,0.01,0.015,0.055,0.035
1643,0.0,0.97,0.0,0.0,0.01,0.005,0.015
1644,0.02,0.015,0.01,0.015,0.05,0.86,0.03
1645,0.02,0.02,0.015,0.0,0.025,0.875,0.045
1646,0.05,0.08,0.045,0.22,0.22166666666666665,0.3533333333333333,0.03
1647,0.0,0.005,0.075,0.86,0.025,0.02,0.015
1648,0.11,0.055,0.095,0.22,0.18625,0.21375,0.12
1649,0.005,0.02,0.075,0.825,0.025,0.04,0.01
1650,0.0,0.0,0.025,0.935,0.01,0.02,0.01
1651,0.015,0.0,0.02,0.845,0.07,0.035,0.015
1652,0.08,0.02,0.06,0.6866666666666665,0.06,0.035,0.05833333333333334
1653,0.02,0.01,0.005,0.885,0.055,0.02,0.005
1654,0.05,0.045,0.01,0.675,0.065,0.135,0.02
1655,0.005,0.01,0.095,0.8,0.04,0.02,0.03
1656,0.05,0.015,0.01,0.765,0.065,0.085,0.01
1657,0.155,0.115,0.07791666666666668,0.15,0.17,0.225,0.10708333333333332
1658,0.085,0.0,0.035,0.77,0.08,0.03,0.0
1659,0.08,0.025,0.68,0.135,0.005,0.065,0.01
1660,0.055,0.02,0.625,0.23,0.01,0.025,0.035
1661,0.035,0.095,0.135,0.485,0.025,0.16,0.065
1662,0.06,0.47,0.10416666666666666,0.11083333333333334,0.095,0.065,0.095
1663,0.355,0.045,0.1275,0.055,0.14666666666666667,0.22333333333333336,0.0475
1664,0.665,0.025,0.06,0.085,0.05,0.105,0.01
1665,0.075,0.11,0.7,0.015,0.06,0.015,0.025
1666,0.06,0.015,0.73,0.025,0.04,0.105,0.025
1667,0.04,0.04,0.64,0.03,0.1,0.13,0.02
1668,0.065,0.035,0.065,0.265,0.3466666666666666,0.18333333333333332,0.04
1669,0.05,0.06,0.045,0.515,0.175,0.135,0.02
1670,0.02,0.065,0.105,0.345,0.21625,0.17375,0.075
1671,0.115,0.035,0.105,0.03,0.665,0.04,0.01
1672,0.17,0.0,0.03,0.03,0.055,0.7,0.015
1673,0.015,0.005,0.005,0.23,0.73,0.015,0.0
1674,0.015,0.03,0.04,0.065,0.785,0.06,0.005
1675,0.185,0.0225,0.005,0.085,0.38458333333333333,0.29791666666666666,0.02
1676,0.01,0.04,0.01,0.115,0.76,0.025,0.04
1677,0.02,0.015,0.015,0.11,0.68875,0.13625,0.015
1678,0.035,0.125,0.105,0.03,0.2,0.465,0.04
1679,0.01,0.025,0.02,0.05,0.795,0.075,0.025
1680,0.075,0.04,0.045,0.025,0.045,0.03,0.74
1681,0.01,0.13,0.06,0.01,0.065,0.045,0.68
1682,0.01,0.03,0.035,0.015,0.04,0.205,0.665
1683,0.01,0.042,0.095,0.09,0.03,0.098,0.635
1684,0.03,0.065,0.01,0.01,0.03,0.18,0.675
1685,0.12,0.015,0.025,0.02,0.045,0.135,0.64
1686,0.815,0.01,0.065,0.02,0.04,0.02,0.03
1687,0.845,0.0,0.005,0.105,0.035,0.01,0.0
1688,0.845,0.005,0.045,0.045,0.01,0.025,0.025
1689,0.605,0.005,0.065,0.17,0.07,0.085,0.0
1690,0.95,0.005,0.02,0.0,0.0,0.025,0.0
1691,0.97,0.0,0.005,0.01,0.0,0.015,0.0
1692,0.875,0.01,0.035,0.02,0.01,0.045,0.005
1693,0.84,0.01,0.03125,0.005,0.005,0.08,0.02875
1694,0.93,0.0,0.025,0.015,0.005,0.015,0.009999999999999998
1695,0.63,0.075,0.12,0.03,0.025,0.11,0.01
1696,0.9,0.005,0.02,0.005,0.02,0.05,0.0
1697,0.8,0.005,0.06,0.05,0.035,0.04,0.01
1698,0.715,0.035,0.07,0.04,0.075,0.05,0.015
1699,0.515,0.025,0.075,0.0275,0.075,0.255,0.0275
1700,0.115,0.08,0.06,0.235,0.225,0.23,0.055
1701,0.755,0.055,0.035,0.04,0.025,0.065,0.025
1702,0.87,0.005,0.005,0.04,0.035,0.04,0.005
1703,0.885,0.0,0.025,0.005,0.015,0.065,0.005
1704,0.96,0.0,0.01,0.01,0.0,0.02,0.0
1705,0.02,0.76,0.045,0.01,0.035,0.065,0.065
1706,0.005,0.925,0.01,0.0,0.015,0.035,0.01
1707,0.005,0.97,0.0,0.005,0.01,0.01,0.0
1708,0.0,0.955,0.015,0.0,0.02,0.0,0.01
1709,0.005,0.865,0.035,0.005,0.01,0.045,0.035
1710,0.015,0.83,0.015,0.005,0.06166666666666666,0.05833333333333333,0.015
1711,0.005,0.8358333333333333,0.01,0.01,0.095,0.024166666666666666,0.02
1712,0.02,0.625,0.005,0.005,0.185,0.13,0.03
1713,0.0,0.935,0.01,0.0,0.015,0.025,0.015
1714,0.155,0.695,0.05,0.01,0.01,0.04,0.04
1715,0.02,0.01,0.02125,0.045,0.055,0.78,0.06875
1716,0.095,0.01,0.05,0.025,0.035,0.77,0.015
1717,0.005,0.055,0.005,0.01,0.11,0.77,0.045
1718,0.05,0.025,0.045,0.02,0.02,0.82,0.02
1719,0.01,0.11,0.04,0.025,0.005,0.76,0.05
1720,0.02,0.03666666666666667,0.01,0.04,0.12,0.7433333333333334,0.03
1721,0.055,0.05,0.05,0.115,0.21,0.51,0.01
1722,0.025,0.04,0.01,0.01,0.035,0.86,0.02
1723,0.01,0.03,0.035,0.02,0.01,0.865,0.03
1724,0.17,0.0,0.03,0.03,0.055,0.7,0.015
1725,0.015,0.015,0.005,0.0,0.135,0.825,0.005
1726,0.045,0.035,0.0275,0.03,0.085,0.75,0.0275
1727,0.035,0.04,0.0,0.005,0.045,0.855,0.02
1728,0.01,0.015,0.02,0.025,0.025,0.865,0.04
1729,0.075,0.105,0.115,0.045,0.15,0.345,0.165
1730,0.025,0.065,0.0625,0.245,0.21,0.355,0.0375
1731,0.38,0.06,0.1,0.24,0.05666666666666667,0.13333333333333333,0.03
1732,0.045,0.03,0.1,0.66,0.045,0.1,0.02
1733,0.02,0.005,0.015,0.845,0.08,0.02,0.015
1734,0.165,0.015,0.03,0.685,0.05,0.055,0.0
1735,0.005,0.015,0.0675,0.7875,0.0225,0.0525,0.05
1736,0.03,0.04,0.02,0.72,0.11,0.05,0.03
1737,0.055,0.085,0.1675,0.25916666666666666,0.13,0.215,0.08833333333333332
1738,0.02,0.015,0.745,0.015,0.04,0.11,0.055
1739,0.0,0.15,0.735,0.015,0.025,0.05,0.025
1740,0.115,0.07,0.675,0.025,0.025,0.085,0.005
1741,0.01,0.055,0.66,0.025,0.05,0.155,0.045
1742,0.015,0.035,0.78,0.0075,0.03666666666666667,0.06333333333333334,0.0625
1743,0.025,0.01,0.0075,0.2275,0.6925,0.0275,0.01
1744,0.24,0.015,0.0225,0.02,0.645,0.05,0.0075
1745,0.03,0.015,0.065,0.025,0.625,0.22,0.02
1746,0.025,0.02,0.08,0.015,0.026666666666666665,0.19333333333333333,0.64
1747,0.04,0.065,0.0875,0.02,0.13,0.47,0.1875
1748,0.89,0.01,0.0,0.01,0.025,0.055,0.01
1749,0.99,0.0,0.0,0.01,0.0,0.0,0.0
1750,0.81,0.02,0.015,0.02,0.01,0.065,0.06
1751,0.905,0.06,0.015,0.0,0.01,0.005,0.005
1752,0.14,0.07,0.05333333333333334,0.075,0.145,0.43,0.08666666666666666
1753,0.835,0.005,0.02333333333333333,0.025,0.015,0.07,0.026666666666666665
1754,0.015,0.435,0.095,0.0475,0.08,0.125,0.2025
1755,0.04,0.715,0.06,0.025,0.015,0.095,0.05
1756,0.01,0.855,0.005,0.0,0.02,0.065,0.045
1757,0.025,0.03,0.015,0.005,0.07,0.845,0.01
1758,0.015,0.02,0.01,0.02,0.025,0.895,0.015
1759,0.085,0.09,0.075,0.015,0.08,0.51,0.145
1760,0.01,0.175,0.02,0.015,0.035,0.645,0.1
1761,0.27,0.065,0.055,0.04,0.085,0.415,0.07
1762,0.02,0.035,0.015,0.015,0.01,0.89,0.015
1763,0.02,0.01,0.0,0.005,0.005,0.96,0.0
1764,0.085,0.115,0.075,0.04,0.38,0.2,0.105
1765,0.055,0.02,0.065,0.015,0.07,0.755,0.02
1766,0.045,0.04,0.035,0.08833333333333332,0.065,0.71,0.016666666666666666
1767,0.02,0.01,0.04,0.005,0.02,0.87,0.035
1768,0.195,0.01,0.035,0.005,0.02,0.73,0.005
1769,0.23,0.08,0.095,0.045,0.18916666666666665,0.2708333333333333,0.09
1770,0.005,0.01916666666666667,0.04,0.035,0.59,0.2658333333333333,0.045
1771,0.07,0.035,0.04,0.05,0.03,0.725,0.05
1772,0.01,0.02,0.0,0.0,0.06,0.89,0.02
1773,0.03,0.02,0.055,0.03,0.06166666666666667,0.7783333333333333,0.025
1774,0.02,0.01,0.0,0.005,0.005,0.96,0.0
1775,0.075,0.01,0.07,0.765,0.02,0.03,0.03
1776,0.04,0.005,0.025,0.78,0.065,0.075,0.01
1777,0.08,0.015,0.0375,0.1,0.655,0.03,0.0825
1778,0.045,0.225,0.14,0.045,0.29,0.165,0.09
1779,0.055,0.005,0.06,0.025,0.69,0.13,0.035
1780,0.92,0.0,0.01,0.02,0.01,0.03,0.01
1781,0.84,0.015,0.03,0.065,0.02,0.025,0.005
1782,0.685,0.085,0.01,0.025,0.055,0.11,0.03
1783,0.645,0.01,0.02,0.07,0.155,0.075,0.025
1784,0.08,0.76,0.035,0.035,0.015,0.035,0.04
1785,0.01,0.065,0.04,0.005,0.04,0.805,0.035
1786,0.095,0.01,0.03,0.025,0.05,0.755,0.035
1787,0.025,0.035,0.015,0.01,0.01,0.84,0.065
1788,0.03,0.08,0.035,0.015,0.03,0.785,0.025
1789,0.025,0.005,0.0,0.0875,0.0625,0.8025,0.0175
1790,0.04,0.03,0.045,0.02,0.025,0.775,0.065
1791,0.05,0.025,0.085,0.05,0.045,0.555,0.19
1792,0.34,0.02,0.085,0.195,0.10958333333333332,0.2354166666666667,0.015
1793,0.1,0.045,0.14,0.085,0.1,0.39,0.14
1794,0.07,0.025,0.065,0.025,0.04833333333333333,0.7466666666666667,0.02
1795,0.085,0.095,0.06,0.03,0.08,0.57,0.08
1796,0.025,0.015,0.035,0.055,0.04,0.82,0.01
1797,0.005,0.22,0.03,0.01,0.02,0.655,0.06
1798,0.095,0.06,0.12,0.1,0.115,0.29,0.22
1799,0.025,0.04,0.01,0.155,0.075,0.68,0.015
1800,0.07,0.005,0.03,0.02,0.035,0.81,0.03
1801,0.03,0.0,0.04,0.725,0.14,0.06,0.005
1802,0.0,0.12,0.075,0.7,0.04,0.045,0.02
1803,0.015,0.005,0.67,0.085,0.05,0.125,0.05
1804,0.0,0.04,0.0225,0.0675,0.77875,0.06625,0.025
1805,0.055,0.02,0.04,0.04,0.655,0.09,0.1
1806,0.0,0.2008333333333333,0.035,0.005,0.65,0.06416666666666666,0.045
1807,0.035,0.145,0.055,0.01,0.695,0.055,0.005
1808,0.055,0.02,0.04,0.04,0.655,0.09,0.1
1809,0.02,0.45,0.055,0.02,0.1,0.29,0.065
1810,0.025,0.045,0.065,0.095,0.645,0.065,0.06
1811,0.055,0.03,0.015,0.02,0.71,0.09,0.08
1812,0.0,0.165,0.015,0.005,0.725,0.065,0.025
1813,0.085,0.025,0.015,0.02,0.75,0.04,0.065
1814,0.025,0.03,0.04,0.035,0.69,0.155,0.025
1815,0.03,0.015,0.0,0.065,0.7470833333333334,0.10791666666666667,0.035
1816,0.05,0.01,0.075,0.035,0.035,0.16,0.635
1817,0.015,0.115,0.015,0.05,0.05,0.06,0.695
1818,0.0,0.01,0.0,0.0,0.0,0.005,0.985
1819,0.0,0.09,0.03,0.03,0.085,0.08,0.685
1820,0.875,0.005,0.01,0.005,0.065,0.04,0.0
1821,0.86,0.01,0.0,0.015,0.025,0.085,0.005
1822,0.885,0.015,0.005,0.005,0.035,0.05,0.005
1823,0.99,0.0,0.0,0.01,0.0,0.0,0.0
1824,0.85,0.01,0.015,0.05,0.04,0.03,0.005
1825,0.85,0.0,0.05,0.05,0.015,0.025,0.01
1826,0.915,0.01,0.025,0.01,0.005,0.035,0.0
1827,0.84,0.015,0.02,0.01,0.015,0.095,0.005
1828,0.725,0.005,0.035,0.035,0.005,0.17,0.025
1829,0.945,0.0,0.005,0.01,0.025,0.015,0.0
1830,0.855,0.0,0.01,0.035,0.005,0.07,0.025
1831,0.01,0.73,0.045,0.005,0.045,0.135,0.03
1832,0.005,0.835,0.04,0.01,0.045,0.05,0.015
1833,0.01,0.705,0.1,0.05,0.03875,0.08125,0.015
1834,0.025,0.65,0.025,0.01,0.06,0.21,0.02
1835,0.045,0.775,0.05,0.01,0.04,0.05,0.03
1836,0.065,0.645,0.03,0.0,0.055,0.18,0.025
1837,0.01,0.925,0.02,0.005,0.01,0.015,0.015
1838,0.005,0.875,0.025,0.005,0.015,0.045,0.03
1839,0.025,0.795,0.025,0.01,0.0,0.07,0.075
1840,0.125,0.085,0.065,0.125,0.21166666666666667,0.2733333333333334,0.115
1841,0.04,0.04,0.0,0.01,0.15,0.725,0.035
1842,0.03,0.01,0.05,0.02,0.04,0.83,0.02
1843,0.045,0.065,0.07625,0.065,0.13,0.425,0.19375
1844,0.025,0.035,0.06,0.03,0.035,0.775,0.04
1845,0.02,0.02,0.05,0.03,0.035,0.83,0.015
1846,0.035,0.03,0.02,0.025,0.04166666666666666,0.7933333333333334,0.055
1847,0.065,0.075,0.15,0.05,0.26666666666666666,0.3133333333333333,0.08
1848,0.04,0.105,0.045,0.065,0.21875,0.38625,0.14
1849,0.005,0.17,0.015,0.015,0.04,0.68,0.075
1850,0.055,0.005,0.03,0.035,0.055,0.81,0.01
1851,0.035,0.04,0.03,0.03,0.08,0.75,0.035
1852,0.07,0.025,0.025,0.015,0.07875,0.76625,0.02
1853,0.045,0.0,0.01,0.035,0.015,0.84,0.055
1854,0.05,0.02,0.045,0.02,0.045,0.815,0.005
1855,0.04,0.03,0.05,0.005,0.055,0.765,0.055
1856,0.05,0.055,0.01,0.05,0.1,0.73,0.005
1857,0.015,0.01,0.0,0.92,0.035,0.01,0.01
1858,0.0,0.0,0.01,0.95,0.024,0.006,0.01
1859,0.0,0.0,0.0,0.99,0.005,0.0,0.005
1860,0.0,0.0,0.0,0.99,0.005,0.0,0.005
1861,0.0,0.0,0.01,0.95,0.024,0.006,0.01
1862,0.0,0.0,0.0,0.99,0.005,0.0,0.005
1863,0.025,0.07,0.025,0.825,0.011000000000000001,0.034,0.01
1864,0.205,0.02,0.715,0.015,0.015,0.01,0.02
1865,0.045,0.025,0.67,0.085,0.04666666666666667,0.11333333333333334,0.015
1866,0.02,0.04,0.57,0.04,0.04,0.17,0.12
1867,0.03,0.065,0.6225,0.03,0.04,0.19,0.0225
1868,0.005,0.07,0.035,0.18,0.6575,0.0175,0.035
1869,0.005,0.02,0.0,0.005,0.6533333333333334,0.3016666666666667,0.015
1870,0.03,0.01,0.065,0.035,0.69,0.145,0.025
1871,0.1,0.01,0.015,0.085,0.73,0.05,0.01
1872,0.03,0.08,0.025,0.015,0.71,0.12,0.02
1873,0.025,0.011666666666666667,0.0,0.02,0.8175,0.11583333333333334,0.01
1874,0.025,0.1,0.025,0.13,0.645,0.065,0.01
1875,0.085,0.095,0.08,0.135,0.26166666666666666,0.2683333333333333,0.075
1876,0.075,0.04,0.03,0.018333333333333333,0.735,0.09,0.011666666666666665
1877,0.87,0.01,0.03,0.005,0.025,0.055,0.005
1878,0.105,0.11,0.25,0.11,0.175,0.08,0.17
1879,0.735,0.03,0.08,0.035,0.015,0.06,0.045
1880,0.82,0.005,0.015,0.095,0.01,0.045,0.01
1881,0.01,0.82,0.035,0.02,0.05,0.015,0.05
1882,0.09,0.64,0.02,0.015,0.02,0.195,0.02
1883,0.04,0.56,0.095,0.07,0.085,0.045,0.105
1884,0.07,0.295,0.175,0.055,0.065,0.25,0.09
1885,0.04,0.01,0.01,0.04,0.045,0.82,0.035
1886,0.015,0.025,0.015,0.045,0.11875,0.75625,0.025
1887,0.025,0.02,0.035,0.015,0.065,0.81,0.03
1888,0.04,0.01,0.05,0.025,0.075,0.77,0.03
1889,0.02,0.01,0.035,0.02,0.06,0.815,0.04
1890,0.025,0.15,0.055,0.01,0.06,0.655,0.045
1891,0.095,0.05,0.11,0.06625,0.3975,0.2375,0.04375
1892,0.025,0.015,0.01,0.035,0.065,0.83,0.02
1893,0.0,0.07,0.03,0.055,0.055,0.755,0.035
1894,0.055,0.045,0.05,0.22,0.09333333333333332,0.47666666666666674,0.06
1895,0.025,0.025,0.05,0.01,0.055,0.795,0.04
1896,0.005,0.02,0.005,0.005,0.205,0.72,0.04
1897,0.015,0.03,0.035,0.01,0.075,0.765,0.07
1898,0.055,0.025,0.055,0.025,0.08,0.735,0.025
1899,0.02,0.02,0.015,0.01,0.15833333333333333,0.7616666666666666,0.015
1900,0.025,0.015,0.01,0.66,0.22333333333333336,0.05166666666666666,0.015
1901,0.09,0.005,0.02875,0.57125,0.17,0.12,0.015
1902,0.02,0.015,0.0675,0.7525,0.015,0.115,0.015
1903,0.04,0.0,0.04,0.89,0.0,0.02,0.01
1904,0.035,0.01,0.045,0.855,0.01,0.025,0.02
1905,0.03,0.045,0.78,0.04,0.035,0.035,0.035
1906,0.015,0.17,0.67,0.03,0.055,0.02,0.04
1907,0.155,0.045,0.07,0.215,0.185,0.27,0.06
1908,0.03,0.075,0.025,0.05,0.685,0.1,0.035
1909,0.005,0.05,0.005,0.045,0.765,0.085,0.045
1910,0.32,0.04,0.065,0.08,0.25,0.18,0.065
1911,0.04,0.035,0.055,0.03,0.03,0.07,0.74
1912,0.005,0.025,0.005,0.085,0.05,0.09,0.74
1913,0.02,0.0,0.105,0.08,0.09,0.035,0.67
1914,0.01,0.025,0.04625,0.03,0.01,0.155,0.72375
1915,0.8,0.025,0.015,0.025,0.03875,0.07125,0.025
1916,0.1,0.06,0.1725,0.11,0.29375,0.20625,0.0575
1917,0.945,0.0,0.005,0.0,0.01,0.04,0.0
1918,0.435,0.04,0.065,0.085,0.125,0.22,0.03
1919,0.9,0.0,0.025,0.005,0.01,0.04,0.02
1920,0.92,0.0,0.00625,0.01,0.01,0.05,0.00375
1921,0.685,0.015,0.07,0.08,0.02,0.08,0.05
1922,0.005,0.865,0.015,0.005,0.04,0.025,0.045
1923,0.01,0.855,0.03,0.05,0.025,0.025,0.005
1924,0.0,0.98,0.0,0.0,0.01,0.01,0.0
1925,0.01,0.8375,0.0225,0.01625,0.015,0.0675,0.03125
1926,0.03,0.015,0.02,0.0075,0.025,0.88,0.0225
1927,0.04,0.075,0.06,0.0,0.075,0.73,0.02
1928,0.04,0.075,0.06,0.0,0.075,0.73,0.02
1929,0.125,0.03,0.02,0.07,0.12,0.61,0.025
1930,0.11,0.025,0.05,0.01,0.0675,0.7325,0.005
1931,0.0,0.03,0.03,0.015,0.135,0.755,0.035
1932,0.035,0.055,0.01,0.045,0.1,0.72,0.035
1933,0.0,0.035,0.025,0.0,0.015,0.925,0.0
1934,0.03,0.01,0.035,0.575,0.115,0.175,0.06
1935,0.02,0.056666666666666664,0.03,0.015,0.08625,0.7470833333333334,0.045
1936,0.45,0.015,0.055,0.025,0.045,0.365,0.045
1937,0.045,0.035,0.085,0.045,0.21,0.51,0.07
1938,0.005,0.04,0.095,0.02,0.11,0.685,0.045
1939,0.065,0.02,0.0,0.015,0.02,0.855,0.025
1940,0.01,0.015,0.06,0.86,0.015,0.02,0.02
1941,0.05,0.26,0.0575,0.08,0.19,0.315,0.0475
1942,0.04,0.045,0.055,0.015,0.77,0.06,0.015
1943,0.75,0.01,0.02,0.025,0.01,0.175,0.01
1944,0.015,0.01,0.03,0.035,0.021666666666666664,0.8583333333333333,0.03
1945,0.03,0.035,0.0775,0.1225,0.075,0.61,0.05
1946,0.015,0.1,0.07,0.27,0.40666666666666673,0.08833333333333332,0.05
1947,0.01,0.13,0.03,0.005,0.01,0.03,0.785
1948,0.64,0.09,0.045,0.085,0.07,0.055,0.015
1949,0.195,0.075,0.105,0.1,0.2,0.3,0.025
1950,0.035,0.875,0.01,0.015,0.025,0.01,0.03
1951,0.0,0.055,0.025,0.030833333333333334,0.09,0.77,0.029166666666666664
1952,0.045,0.015,0.035,0.075,0.105,0.71,0.015
1953,0.06,0.095,0.05,0.085,0.2,0.445,0.065
1954,0.02,0.01,0.03,0.02,0.065,0.84,0.015
1955,0.025,0.09,0.085,0.19,0.235,0.27,0.105
1956,0.075,0.05,0.11,0.035,0.3466666666666666,0.3283333333333333,0.055
1957,0.055,0.15,0.13,0.07,0.21666666666666667,0.29333333333333333,0.085
1958,0.125,0.075,0.055,0.1,0.19,0.38,0.075
