,Business Analyst,Database Administrator,Data Analyst,Data Architect,Product Manager,Data Engineer,Data Scientist
0,0.305,0.08,0.06,0.05,0.215,0.145,0.145
1,0.025,0.005,0.015,0.005,0.06,0.035,0.855
2,0.035,0.005,0.06,0.035,0.005,0.07,0.79
3,0.255,0.045,0.25,0.04,0.2,0.025,0.185
4,0.01,0.0,0.015,0.02333333333333333,0.035,0.9016666666666666,0.015
5,0.055,0.055,0.05,0.013333333333333332,0.05,0.7066666666666666,0.07
6,0.01,0.005,0.045,0.055,0.01,0.70375,0.17125
7,0.045,0.025,0.09,0.02,0.11,0.675,0.035
8,0.01,0.13,0.03,0.045,0.0,0.76,0.025
9,0.07,0.06,0.045,0.015,0.055,0.715,0.04
10,0.04166666666666667,0.055,0.6983333333333333,0.055,0.04,0.055,0.055
11,0.16,0.0,0.795,0.015,0.0,0.015,0.015
12,0.1525,0.14,0.25249999999999995,0.1125,0.02,0.215,0.1075
13,0.115,0.025,0.725,0.02,0.055,0.03,0.03
14,0.025,0.035,0.065,0.735,0.01,0.06,0.07
15,0.225,0.19,0.155,0.24,0.07,0.055,0.065
16,0.07,0.075,0.03,0.755,0.015,0.035,0.02
17,0.005,0.0,0.0,0.0,0.945,0.01,0.04
18,0.095,0.03,0.06,0.01,0.775,0.02,0.01
19,0.095,0.005,0.03,0.025,0.825,0.005,0.015
20,0.07,0.02,0.06,0.02,0.815,0.01,0.005
21,0.14,0.015,0.045,0.02,0.71,0.05,0.02
22,0.04,0.02,0.035,0.01,0.86,0.025,0.01
23,0.045,0.03,0.015,0.02,0.8,0.045,0.045
24,0.04,0.01,0.015,0.0,0.92,0.0,0.015
25,0.05,0.01,0.0,0.023333333333333334,0.87,0.021666666666666664,0.025
26,0.155,0.015,0.025,0.01,0.77,0.015,0.01
27,0.085,0.005,0.015,0.005,0.89,0.0,0.0
28,0.04,0.035,0.01,0.0,0.845,0.04,0.03
29,0.01,0.02,0.025,0.0,0.905,0.015,0.025
30,0.11166666666666666,0.03,0.018333333333333333,0.015,0.72,0.075,0.03
31,0.005,0.0,0.005,0.0,0.985,0.0,0.005
32,0.295,0.24,0.165,0.055,0.165,0.04,0.04
33,0.25,0.135,0.165,0.075,0.21,0.09999999999999998,0.065
34,0.01,0.01,0.115,0.03,0.0,0.02333333333333333,0.8116666666666665
35,0.065,0.075,0.095,0.04,0.02,0.02,0.685
36,0.12833333333333333,0.025,0.056666666666666664,0.08,0.05,0.62,0.04
37,0.01,0.0,0.015,0.02333333333333333,0.035,0.9016666666666666,0.015
38,0.0,0.005,0.0,0.025,0.0,0.965,0.005
39,0.025,0.025,0.085,0.0525,0.0,0.74,0.0725
40,0.40125,0.035,0.34875,0.045,0.02,0.065,0.085
41,0.415,0.045,0.365,0.03,0.065,0.025,0.055
42,0.05,0.03,0.73,0.01,0.115,0.02,0.045
43,0.045,0.065,0.775,0.05,0.02,0.0,0.045
44,0.03875,0.02,0.04625,0.68,0.06,0.115,0.04
45,0.01,0.025,0.025,0.77,0.0,0.13,0.04
46,0.09,0.045,0.01,0.015,0.75,0.065,0.025
47,0.09,0.33,0.08,0.105,0.15,0.16,0.085
48,0.0225,0.015,0.0375,0.015,0.0,0.012,0.898
49,0.0025,0.01,0.0575,0.025,0.0,0.035,0.87
50,0.02,0.005,0.015,0.02,0.03,0.88,0.03
51,0.06,0.035,0.115,0.102,0.05,0.345,0.293
52,0.115,0.17,0.01,0.015,0.03,0.64,0.02
53,0.085,0.025,0.055,0.015,0.01,0.655,0.155
54,0.43,0.025,0.195,0.165,0.01,0.135,0.04
55,0.08,0.065,0.78,0.02,0.04,0.01,0.005
56,0.025,0.04,0.75,0.075,0.01,0.06,0.04
57,0.025,0.08,0.06,0.74,0.005,0.065,0.025
58,0.01,0.005,0.015,0.0,0.96,0.005,0.005
59,0.015,0.0,0.005,0.0,0.97,0.005,0.005
60,0.095,0.015,0.0,0.05,0.84,0.0,0.0
61,0.235,0.005,0.0,0.005,0.74,0.015,0.0
62,0.01,0.005,0.005,0.0,0.97,0.005,0.005
63,0.04,0.845,0.05,0.02,0.035,0.005,0.005
64,0.025,0.825,0.035,0.005,0.005,0.025,0.08
65,0.008333333333333333,0.85,0.03666666666666667,0.02,0.015,0.045,0.025
66,0.0,0.905,0.015,0.045,0.015,0.02,0.0
67,0.03,0.93,0.01,0.015,0.005,0.01,0.0
68,0.07,0.025,0.045,0.0225,0.045,0.095,0.6975
69,0.07,0.035,0.075,0.01875,0.03,0.05625,0.715
70,0.025,0.01,0.005,0.005,0.035,0.015,0.905
71,0.02,0.02,0.03,0.045,0.015,0.01,0.86
72,0.02,0.02,0.04,0.01,0.01,0.145,0.755
73,0.035,0.0,0.005,0.005,0.035,0.08,0.84
74,0.025,0.01,0.035,0.02,0.045,0.04,0.825
75,0.01,0.005,0.095,0.01,0.015,0.015,0.85
76,0.015,0.06,0.045,0.015,0.015,0.0675,0.7825
77,0.0,0.0,0.01,0.005,0.005,0.0,0.98
78,0.09,0.035,0.375,0.035,0.03,0.04833333333333333,0.38666666666666666
79,0.045,0.035,0.015,0.02,0.195,0.0,0.69
80,0.04,0.005,0.015,0.025,0.045,0.085,0.785
81,0.03,0.025,0.025,0.06,0.01,0.0875,0.7625
82,0.0,0.015,0.025,0.04,0.0,0.115,0.805
83,0.07166666666666666,0.005,0.04333333333333333,0.13,0.03,0.02,0.7
84,0.0675,0.015,0.1025,0.045,0.02,0.065,0.685
85,0.05166666666666666,0.005,0.028333333333333332,0.0,0.05,0.035,0.83
86,0.015,0.015,0.025,0.0225,0.055,0.8425,0.025
87,0.12,0.07,0.045,0.035,0.02,0.68,0.03
88,0.05,0.045,0.085,0.05,0.0,0.72,0.05
89,0.075,0.07,0.065,0.02,0.04,0.705,0.025
90,0.0,0.0,0.0,0.0,0.0,0.99,0.01
91,0.115,0.065,0.04,0.025,0.08,0.63,0.045
92,0.0,0.005,0.0,0.025,0.0,0.965,0.005
93,0.03,0.07,0.07,0.075,0.005,0.68,0.07
94,0.045,0.085,0.05,0.02,0.065,0.675,0.06
95,0.055,0.025,0.075,0.0475,0.03,0.7070000000000001,0.0605
96,0.005,0.025,0.05,0.015,0.025,0.76,0.12
97,0.0,0.0,0.0,0.0,0.0,0.99,0.01
98,0.08,0.02,0.76,0.03,0.045,0.025,0.04
99,0.015,0.01,0.78,0.015,0.01,0.04,0.13
100,0.195,0.02,0.64,0.03,0.02,0.04,0.055
101,0.0475,0.085,0.7625,0.015,0.005,0.025,0.06
102,0.02,0.06,0.705,0.03,0.005,0.02,0.16
103,0.0975,0.025,0.7475,0.035,0.04,0.02,0.035
104,0.01,0.2,0.73,0.02,0.015,0.02,0.005
105,0.04,0.095,0.775,0.015,0.01,0.01,0.055
106,0.016666666666666666,0.085,0.6733333333333335,0.025,0.005,0.037083333333333336,0.15791666666666665
107,0.1875,0.385,0.1975,0.075,0.08,0.065,0.01
108,0.4675,0.015,0.2225,0.07,0.065,0.065,0.095
109,0.115,0.04,0.035,0.675,0.055,0.04,0.04
110,0.29,0.36,0.125,0.055,0.085,0.005,0.08
111,0.045,0.375,0.075,0.25666666666666665,0.025,0.15833333333333333,0.065
112,0.075,0.035,0.025,0.8140000000000001,0.015,0.026000000000000002,0.01
113,0.01,0.005,0.015,0.945,0.01,0.0,0.015
114,0.015,0.02,0.02,0.865,0.01,0.02,0.05
115,0.1,0.055,0.02,0.79,0.005,0.03,0.0
116,0.005,0.015,0.03,0.7083333333333335,0.015,0.15666666666666665,0.07
117,0.14,0.05,0.01,0.75,0.005,0.02,0.025
118,0.025,0.02,0.015,0.865,0.0,0.02,0.055
119,0.075,0.05,0.105,0.68,0.025,0.03,0.035
120,0.13,0.045,0.005,0.715,0.08,0.01,0.015
121,0.085,0.05,0.015,0.005,0.775,0.015,0.055
122,0.035,0.02,0.015,0.0,0.895,0.01,0.025
123,0.06,0.01,0.01,0.02,0.875,0.01,0.015
124,0.02,0.01,0.005,0.005,0.935,0.015,0.01
125,0.065,0.015,0.005,0.06,0.82,0.03,0.005
126,0.55,0.02,0.085,0.04,0.24,0.02,0.045
127,0.405,0.09,0.095,0.035,0.295,0.04,0.04
128,0.025,0.03,0.005,0.01,0.915,0.0,0.015
129,0.10333333333333332,0.03666666666666667,0.075,0.02,0.74,0.005,0.02
130,0.08,0.06,0.015,0.005,0.76,0.045,0.035
131,0.06,0.01,0.02,0.005,0.87,0.02,0.015
132,0.04,0.02,0.035,0.005,0.855,0.025,0.02
133,0.02,0.925,0.01,0.005,0.03,0.01,0.0
134,0.13,0.66,0.06,0.03,0.03,0.01,0.08
135,0.11,0.69,0.065,0.025,0.08,0.02,0.01
136,0.13,0.56,0.075,0.1,0.045,0.06,0.03
137,0.025,0.905,0.03,0.015,0.01,0.01,0.005
138,0.055,0.71,0.045,0.085,0.01,0.08,0.015
139,0.265,0.355,0.09,0.03,0.12,0.105,0.035
140,0.05,0.635,0.2,0.018000000000000002,0.01,0.07200000000000001,0.015
141,0.055,0.77,0.05,0.04,0.035,0.04,0.01
142,0.065,0.615,0.05,0.05,0.115,0.045,0.06
143,0.045,0.84,0.025,0.04,0.03,0.015,0.005
144,0.005,0.73,0.01,0.065,0.01,0.165,0.015
145,0.07666666666666666,0.7283333333333334,0.07,0.03,0.02,0.04,0.035
146,0.0775,0.7375,0.05,0.05,0.005,0.065,0.015
147,0.005,0.94,0.02,0.01,0.005,0.015,0.005
148,0.04,0.885,0.01,0.035,0.005,0.025,0.0
149,0.105,0.805,0.02,0.035,0.02,0.01,0.005
150,0.11875,0.715,0.02625,0.02,0.06,0.03,0.03
151,0.065,0.72,0.05,0.02,0.105,0.015,0.025
152,0.03875,0.0,0.07125,0.005,0.015,0.01,0.86
153,0.17,0.08,0.135,0.02,0.08,0.11,0.405
154,0.1025,0.025,0.0575,0.024,0.57,0.086,0.135
155,0.0,0.0,0.015,0.0,0.0,0.02,0.965
156,0.095,0.105,0.165,0.0695,0.01,0.5025,0.053
157,0.03,0.025,0.045,0.01,0.01,0.02,0.86
158,0.16125,0.045,0.18375,0.01075,0.05,0.03841666666666667,0.5108333333333333
159,0.045,0.045,0.08,0.035,0.035,0.05,0.71
160,0.04,0.03,0.06,0.0016666666666666666,0.03,0.0025,0.8358333333333333
161,0.15,0.06,0.11,0.295,0.09,0.215,0.08
162,0.085,0.035,0.755,0.0,0.005,0.0,0.12
163,0.14,0.05,0.695,0.03,0.01,0.01,0.065
164,0.025,0.035,0.725,0.013333333333333332,0.005,0.03,0.16666666666666663
165,0.19,0.025,0.755,0.005,0.005,0.005,0.015
166,0.265,0.015,0.67,0.01,0.02,0.01,0.01
167,0.07,0.075,0.72,0.04,0.055,0.015,0.025
168,0.065,0.02,0.77,0.0375,0.01,0.0225,0.075
169,0.045,0.25,0.02,0.635,0.005,0.025,0.02
170,0.015,0.11,0.105,0.725,0.0,0.03,0.015
171,0.005,0.03,0.03,0.925,0.0,0.005,0.005
172,0.125,0.135,0.165,0.08625,0.055,0.265,0.16875
173,0.005,0.03,0.03,0.925,0.0,0.005,0.005
174,0.07,0.035,0.05,0.675,0.165,0.0,0.005
175,0.125,0.145,0.045,0.62,0.035,0.01,0.02
176,0.27,0.465,0.055,0.105,0.045,0.05,0.01
177,0.01,0.01,0.0,0.005,0.975,0.0,0.0
178,0.115,0.045,0.035,0.01,0.645,0.045,0.105
179,0.1975,0.035,0.2025,0.04083333333333333,0.09,0.26916666666666667,0.165
180,0.01,0.005,0.01,0.0,0.965,0.0,0.01
181,0.035,0.08,0.03,0.06,0.66,0.09,0.045
182,0.03,0.005,0.005,0.005,0.935,0.0,0.02
183,0.133,0.015,0.16699999999999998,0.0,0.635,0.0,0.05
184,0.08,0.88,0.0,0.02,0.01,0.0,0.01
185,0.11666666666666668,0.69,0.11833333333333332,0.01,0.01,0.035,0.02
186,0.005,0.95,0.0,0.02,0.01,0.01,0.005
187,0.085,0.015,0.025,0.01,0.13,0.02,0.715
188,0.04,0.12,0.06,0.02,0.02,0.035,0.705
189,0.07642857142857143,0.0,0.06857142857142857,0.01,0.0,0.02,0.825
190,0.05,0.005,0.085,0.04,0.075,0.04,0.705
191,0.0,0.02,0.025,0.01,0.005,0.45591666666666664,0.4840833333333333
192,0.04666666666666666,0.01,0.06833333333333333,0.02,0.015,0.04583333333333334,0.7941666666666666
193,0.01,0.005,0.04,0.015,0.005,0.02,0.905
194,0.11,0.065,0.04,0.01,0.04,0.045,0.69
195,0.03,0.005,0.03,0.015,0.14,0.04,0.74
196,0.01,0.005,0.035,0.015,0.01,0.035,0.89
197,0.03,0.03,0.06,0.055,0.01,0.07,0.745
198,0.13,0.005,0.1,0.04,0.035,0.005,0.685
199,0.05,0.035,0.08,0.015,0.005,0.045,0.77
200,0.01,0.0,0.02,0.008125,0.0,0.011875,0.95
201,0.01,0.01,0.045,0.005,0.015,0.055,0.86
202,0.015,0.005,0.085,0.0175,0.005,0.06,0.8125
203,0.015,0.21,0.06,0.05,0.005,0.635,0.025
204,0.0,0.0,0.015,0.015,0.015,0.75,0.205
205,0.015,0.005,0.07,0.06833333333333333,0.02,0.7666666666666666,0.055
206,0.0,0.02,0.025,0.01,0.005,0.45591666666666664,0.4840833333333333
207,0.25666666666666665,0.04,0.2783333333333333,0.185,0.06,0.09,0.09
208,0.0,0.01,0.02,0.23,0.025,0.685,0.03
209,0.175,0.045,0.625,0.02,0.075,0.01,0.05
210,0.1733333333333333,0.04,0.6516666666666667,0.07,0.015,0.015,0.035
211,0.16,0.05,0.72,0.015,0.01,0.005,0.04
212,0.05833333333333333,0.005,0.8416666666666667,0.00625,0.005,0.0,0.08375
213,0.16,0.005,0.73,0.01,0.05,0.015,0.03
214,0.045,0.01,0.78,0.015,0.065,0.04,0.045
215,0.13833333333333334,0.11,0.6266666666666666,0.045,0.005,0.07,0.005
216,0.2,0.015,0.695,0.02,0.045,0.015,0.01
217,0.07833333333333334,0.01,0.7716666666666666,0.02,0.01,0.0325,0.0775
218,0.0475,0.03,0.7775,0.005,0.01,0.025,0.105
219,0.075,0.035,0.85,0.025,0.005,0.005,0.005
220,0.05,0.08,0.66,0.045,0.01,0.025,0.13
221,0.055,0.04,0.82,0.04,0.01,0.02,0.015
222,0.045,0.01,0.78,0.015,0.065,0.04,0.045
223,0.2533333333333333,0.145,0.026666666666666665,0.215,0.105,0.185,0.07
224,0.2533333333333333,0.145,0.026666666666666665,0.215,0.105,0.185,0.07
225,0.005,0.01,0.015,0.64,0.025,0.275,0.03
226,0.015,0.025,0.045,0.7825,0.01,0.1075,0.015
227,0.03,0.01,0.02,0.0,0.795,0.085,0.06
228,0.14,0.07,0.055,0.02,0.65,0.035,0.03
229,0.18,0.015,0.045,0.025,0.725,0.0,0.01
230,0.18,0.045,0.075,0.01,0.675,0.015,0.0
231,0.04,0.015,0.015,0.0,0.885,0.0,0.045
232,0.0,0.0,0.01,0.01,0.98,0.0,0.0
233,0.005,0.005,0.02,0.0,0.955,0.015,0.0
234,0.15,0.09,0.035,0.0225,0.66,0.0225,0.02
235,0.025,0.01,0.01,0.01,0.905,0.01,0.03
236,0.005,0.0,0.005,0.005,0.975,0.005,0.005
237,0.185,0.005,0.03,0.02,0.755,0.005,0.0
238,0.085,0.025,0.02,0.015,0.76,0.005,0.09
239,0.03,0.845,0.015,0.06,0.01,0.04,0.0
240,0.08,0.79,0.025,0.035,0.015,0.05,0.005
241,0.04,0.845,0.02,0.0,0.055,0.035,0.005
242,0.055,0.845,0.04,0.025,0.01,0.005,0.02
243,0.05,0.755,0.085,0.045,0.005,0.04,0.02
244,0.11,0.71,0.075,0.015,0.045,0.025,0.02
245,0.12,0.695,0.05,0.035,0.05,0.03,0.02
246,0.045,0.81,0.06,0.03,0.04,0.01,0.005
247,0.02,0.91,0.02,0.025,0.0,0.02,0.005
248,0.12,0.75,0.01,0.005,0.09,0.015,0.01
249,0.085,0.795,0.015,0.035,0.04,0.02,0.01
250,0.12,0.7,0.045,0.02,0.0,0.045,0.07
251,0.005,0.975,0.0,0.005,0.01,0.005,0.0
252,0.015,0.865,0.025,0.045,0.02,0.02,0.01
253,0.045,0.235,0.18,0.09,0.06,0.295,0.095
254,0.015,0.005,0.035,0.065,0.005,0.86,0.015
255,0.015,0.0,0.025,0.0,0.03,0.8,0.13
256,0.01,0.0,0.02,0.0,0.01,0.705,0.255
257,0.01,0.075,0.025,0.055,0.005,0.725,0.105
258,0.1225,0.015,0.1175,0.035,0.055,0.62,0.035
259,0.115,0.015,0.025,0.015,0.135,0.675,0.02
260,0.22666666666666668,0.015,0.06833333333333333,0.03,0.01,0.645,0.005
261,0.285,0.34,0.065,0.0725,0.11,0.0875,0.04
262,0.015,0.04,0.045,0.02,0.015,0.81,0.055
263,0.06,0.035,0.015,0.025,0.01,0.795,0.06
264,0.0225,0.02,0.0775,0.01,0.035,0.685,0.15
265,0.075,0.03,0.075,0.025,0.015,0.745,0.035
266,0.02,0.06,0.81,0.03,0.015,0.015,0.05
267,0.13,0.055,0.065,0.595,0.025,0.105,0.025
268,0.055,0.035,0.005,0.01,0.855,0.02,0.02
269,0.07,0.03,0.025,0.02,0.8,0.025,0.03
270,0.135,0.695,0.03,0.005,0.11,0.02,0.005
271,0.085,0.015,0.055,0.02,0.02,0.03,0.775
272,0.06,0.015,0.135,0.125,0.01,0.23,0.425
273,0.03,0.01,0.02,0.03,0.025,0.03,0.855
274,0.02,0.045,0.055,0.025,0.055,0.09,0.71
275,0.015,0.04,0.055,0.035,0.005,0.115,0.735
276,0.08,0.025,0.1,0.035,0.06,0.02,0.68
277,0.17,0.075,0.405,0.075,0.085,0.085,0.105
278,0.0,0.01,0.025,0.045,0.0,0.07,0.85
279,0.045,0.04,0.065,0.07,0.025,0.175,0.58
280,0.05,0.045,0.175,0.02861111111111111,0.005,0.37633333333333335,0.3200555555555556
281,0.1,0.075,0.035,0.005,0.035,0.69,0.06
282,0.015,0.02,0.025,0.018333333333333333,0.01,0.8216666666666665,0.09
283,0.1,0.07,0.03,0.045,0.045,0.69,0.02
284,0.075,0.04,0.075,0.025,0.04,0.715,0.03
285,0.07,0.395,0.155,0.10300000000000001,0.015,0.127,0.135
286,0.06,0.04,0.77,0.04,0.005,0.015,0.07
287,0.095,0.1,0.56,0.075,0.09,0.07,0.01
288,0.04,0.275,0.23,0.145,0.05,0.175,0.085
289,0.08,0.005,0.83,0.02,0.025,0.015,0.025
290,0.18233333333333335,0.012666666666666666,0.735,0.015,0.025,0.005,0.025
291,0.28,0.03,0.22,0.04,0.08,0.0425,0.3075
292,0.145,0.01,0.8,0.01,0.025,0.005,0.005
293,0.145,0.035,0.625,0.04,0.03,0.055,0.07
294,0.155,0.065,0.13,0.03,0.305,0.0425,0.2725
295,0.18,0.065,0.165,0.055,0.345,0.1,0.09
296,0.05,0.015,0.82,0.055,0.02,0.035,0.005
297,0.03,0.005,0.845,0.025,0.025,0.045,0.025
298,0.015,0.05,0.165,0.645,0.0,0.03625,0.08875
299,0.14,0.14,0.115,0.455,0.04,0.075,0.035
300,0.11333333333333333,0.025,0.04666666666666666,0.68,0.035,0.08,0.02
301,0.015,0.08,0.0,0.83,0.01,0.06,0.005
302,0.055,0.025,0.005,0.02,0.88,0.005,0.01
303,0.015,0.005,0.0,0.005,0.955,0.015,0.005
304,0.06,0.015,0.015,0.015,0.86,0.03,0.005
305,0.105,0.045,0.04,0.01,0.78,0.005,0.015
306,0.125,0.01,0.015,0.0,0.835,0.01,0.005
307,0.23,0.04,0.03,0.01,0.675,0.005,0.01
308,0.03,0.015,0.035,0.01,0.86,0.04,0.01
309,0.045,0.025,0.035,0.005,0.87,0.01,0.01
310,0.04,0.025,0.005,0.0,0.905,0.01,0.015
311,0.023333333333333334,0.0,0.006666666666666666,0.005,0.935,0.02,0.01
312,0.02,0.95,0.03,0.0,0.0,0.0,0.0
313,0.035,0.66,0.07,0.05,0.11,0.02,0.055
314,0.04,0.845,0.02,0.06,0.005,0.02,0.01
315,0.08,0.68,0.035,0.025,0.135,0.035,0.01
316,0.115,0.61,0.045,0.025,0.12,0.045,0.04
317,0.01,0.695,0.065,0.15,0.01,0.05,0.02
318,0.0375,0.765,0.0525,0.02,0.015,0.055,0.055
319,0.04,0.85,0.03,0.02,0.01,0.045,0.005
320,0.035,0.8,0.07,0.03,0.005,0.03,0.03
321,0.035,0.815,0.02,0.06,0.03,0.015,0.025
322,0.03,0.785,0.04,0.03,0.01,0.08,0.025
323,0.4,0.145,0.075,0.06333333333333334,0.22,0.03,0.06666666666666667
324,0.1465,0.6385000000000001,0.07,0.025,0.06,0.04,0.02
325,0.035,0.765,0.115,0.04,0.02,0.02,0.005
326,0.025,0.865,0.03,0.035,0.005,0.03,0.01
327,0.060833333333333336,0.66,0.12916666666666668,0.01,0.035,0.055,0.05
328,0.03,0.015,0.055,0.0,0.005,0.028333333333333332,0.8666666666666666
329,0.026666666666666665,0.015,0.09833333333333333,0.01,0.005,0.035,0.81
330,0.03625,0.0,0.03875,0.005,0.0,0.0175,0.9025
331,0.025,0.0,0.05,0.02,0.02,0.05,0.835
332,0.016666666666666666,0.015,0.02333333333333333,0.0,0.045,0.06333333333333332,0.8366666666666666
333,0.0575,0.015,0.1525,0.015,0.065,0.01,0.685
334,0.015,0.0,0.015,0.0,0.04,0.075,0.855
335,0.065,0.01,0.79,0.03,0.01,0.015,0.08
336,0.015,0.0,0.935,0.01,0.01,0.005,0.025
337,0.04,0.025,0.72,0.03,0.035,0.0125,0.1375
338,0.0525,0.13,0.7425,0.035,0.0,0.015,0.025
339,0.135,0.01,0.74,0.005,0.04,0.015,0.055
340,0.11,0.025,0.79,0.015,0.01,0.03,0.02
341,0.085,0.08,0.725,0.015,0.07,0.01,0.015
342,0.05,0.025,0.85,0.0,0.01,0.035,0.03
343,0.055,0.035,0.735,0.01,0.055,0.09,0.02
344,0.155,0.02,0.04,0.695,0.04,0.01,0.04
345,0.08,0.02,0.025,0.8225,0.02,0.0175,0.015
346,0.02,0.15,0.045,0.685,0.005,0.08,0.015
347,0.025,0.265,0.035,0.62,0.015,0.02,0.02
348,0.18,0.065,0.04,0.0225,0.495,0.135,0.0625
349,0.06,0.03,0.03,0.04,0.77,0.04,0.03
350,0.04,0.025,0.005,0.01,0.905,0.005,0.01
351,0.095,0.035,0.02,0.04,0.73,0.02,0.06
352,0.02,0.015,0.005,0.0,0.96,0.0,0.0
353,0.035,0.0,0.02,0.0,0.905,0.015,0.025
354,0.165,0.04,0.04,0.01,0.725,0.005,0.015
355,0.06,0.03,0.135,0.005,0.7,0.035,0.035
356,0.03,0.005,0.005,0.02,0.9,0.025,0.015
357,0.015,0.02,0.005,0.01,0.94,0.01,0.0
358,0.04,0.015,0.015,0.03,0.82,0.04,0.04
359,0.005,0.03,0.02,0.0,0.93,0.0,0.015
360,0.02,0.81,0.045,0.04,0.02,0.02,0.045
361,0.015,0.935,0.01,0.02,0.01,0.01,0.0
362,0.035,0.93,0.015,0.005,0.005,0.005,0.005
363,0.19,0.285,0.105,0.12,0.24,0.03,0.03
364,0.02,0.855,0.025,0.03,0.02,0.04,0.01
365,0.14,0.68,0.095,0.015,0.045,0.015,0.01
366,0.02,0.845,0.025,0.055,0.005,0.045,0.005
367,0.035,0.625,0.1,0.04,0.015,0.035,0.15
368,0.03,0.835,0.025,0.05,0.05,0.01,0.0
369,0.0,0.845,0.015,0.055,0.005,0.055,0.025
370,0.035,0.855,0.03,0.015,0.015,0.045,0.005
371,0.025,0.715,0.075,0.06,0.005,0.1,0.02
372,0.02,0.005,0.12,0.01,0.0,0.025,0.82
373,0.02,0.005,0.03,0.02,0.0,0.13875,0.78625
374,0.01,0.005,0.025,0.01,0.005,0.03333333333333333,0.9116666666666666
375,0.05,0.055,0.055,0.02875,0.1,0.66625,0.045
376,0.075,0.105,0.075,0.2,0.07,0.45,0.025
377,0.015,0.075,0.095,0.04,0.02,0.71,0.045
378,0.04,0.035,0.74,0.015,0.04,0.085,0.045
379,0.10800000000000001,0.03,0.6970000000000001,0.005,0.03,0.0175,0.1125
380,0.15083333333333335,0.115,0.2941666666666667,0.04,0.05,0.11,0.24
381,0.045,0.115,0.025,0.725,0.025,0.04,0.025
382,0.035,0.03,0.055,0.02,0.1,0.11,0.65
383,0.03,0.01,0.01,0.015,0.005,0.005,0.925
384,0.01,0.03,0.08,0.01,0.01,0.83,0.03
385,0.005,0.0,0.005,0.0,0.18,0.68,0.13
386,0.02,0.035,0.075,0.016666666666666666,0.015,0.7283333333333334,0.11
387,0.025,0.06,0.015,0.73,0.08,0.03,0.06
388,0.065,0.035,0.055,0.01,0.745,0.05,0.04
389,0.06,0.005,0.025,0.005,0.87,0.015,0.02
390,0.11,0.49,0.145,0.03,0.03,0.09333333333333332,0.10166666666666666
391,0.02,0.01,0.01,0.01,0.12,0.045,0.785
392,0.03166666666666667,0.04,0.10333333333333332,0.075,0.015,0.65,0.085
393,0.0,0.01,0.05,0.005,0.005,0.04383333333333333,0.8861666666666668
394,0.02,0.055,0.005,0.02,0.84,0.02875,0.03125
395,0.025,0.03,0.03,0.01,0.02,0.055,0.83
396,0.115,0.06,0.04,0.035,0.045,0.02,0.685
397,0.035,0.01,0.02,0.015,0.04,0.015,0.865
398,0.04,0.06,0.045,0.025,0.08,0.665,0.085
399,0.035,0.035,0.065,0.065,0.005,0.725,0.07
400,0.035,0.015,0.005,0.03,0.025,0.835,0.055
401,0.055,0.09,0.02,0.67,0.03,0.06,0.075
402,0.03,0.045,0.04,0.84,0.005,0.025,0.015
403,0.02,0.01,0.01,0.855,0.025,0.035,0.045
404,0.185,0.02,0.15,0.61,0.005,0.005,0.025
405,0.04,0.505,0.085,0.295,0.02,0.035,0.02
406,0.06,0.01,0.005,0.005,0.9,0.0,0.02
407,0.055,0.015,0.035,0.0,0.89,0.005,0.0
408,0.06,0.765,0.04,0.035,0.03,0.025,0.045
409,0.055,0.735,0.055,0.0,0.015,0.115,0.025
410,0.02,0.92,0.015,0.01,0.02,0.01,0.005
411,0.135,0.055,0.12,0.025,0.06,0.0475,0.5575
412,0.265,0.09,0.17,0.05,0.265,0.01,0.15
413,0.005,0.03,0.09,0.02,0.01,0.105,0.74
414,0.055,0.01,0.045,0.01,0.325,0.07,0.485
415,0.03,0.015,0.055,0.04,0.035,0.05,0.775
416,0.05,0.01,0.15,0.01,0.01,0.005,0.765
417,0.0025,0.0,0.0275,0.01,0.035,0.015,0.91
418,0.21,0.01,0.085,0.02,0.035,0.0,0.64
419,0.02,0.005,0.09,0.0,0.005,0.02,0.86
420,0.21,0.01,0.085,0.02,0.035,0.0,0.64
421,0.03166666666666667,0.005,0.03333333333333333,0.02,0.025,0.0525,0.8325
422,0.04,0.05,0.03,0.06,0.025,0.785,0.01
423,0.075,0.01,0.045,0.01,0.045,0.695,0.12
424,0.075,0.15,0.045,0.04,0.045,0.64,0.005
425,0.065,0.1,0.045,0.065,0.005,0.615,0.105
426,0.2125,0.045,0.3025,0.05,0.01,0.1325,0.2475
427,0.193,0.03,0.107,0.065,0.145,0.135,0.325
428,0.035,0.025,0.04,0.08625,0.015,0.76,0.03875
429,0.045,0.01,0.045,0.07,0.05,0.73,0.05
430,0.01,0.005,0.01,0.125,0.03,0.805,0.015
431,0.005,0.01,0.695,0.015,0.0,0.05,0.225
432,0.225,0.195,0.175,0.04,0.25,0.075,0.04
433,0.02916666666666667,0.005,0.7258333333333333,0.045,0.01,0.06,0.125
434,0.2303333333333333,0.045,0.3596666666666667,0.075,0.04,0.11,0.14
435,0.11,0.075,0.7,0.025,0.02,0.06,0.01
436,0.08883333333333333,0.14,0.4161666666666667,0.075,0.12,0.115,0.045
437,0.06190476190476191,0.05,0.7530952380952382,0.01,0.03,0.08,0.015
438,0.06190476190476191,0.05,0.7530952380952382,0.01,0.03,0.08,0.015
439,0.04,0.03,0.075,0.68,0.01,0.11,0.055
440,0.085,0.03,0.04,0.745,0.03,0.04,0.03
441,0.02,0.055,0.05,0.74,0.005,0.09,0.04
442,0.06375,0.06,0.17125,0.4275,0.04,0.14,0.0975
443,0.045,0.08,0.08,0.72,0.005,0.06,0.01
444,0.07,0.03,0.015,0.7,0.15,0.02,0.015
445,0.295,0.07,0.07,0.35,0.16,0.04,0.015
446,0.09,0.02,0.08,0.005,0.8,0.005,0.0
447,0.06,0.025,0.01,0.01,0.87,0.02,0.005
448,0.15,0.045,0.13,0.05666666666666667,0.535,0.023333333333333334,0.06
449,0.035,0.025,0.08,0.02,0.71,0.05,0.08
450,0.205,0.035,0.065,0.005,0.505,0.14,0.045
451,0.08,0.77,0.005,0.015,0.085,0.03,0.015
452,0.175,0.655,0.055,0.005,0.08,0.025,0.005
453,0.175,0.655,0.055,0.005,0.08,0.025,0.005
454,0.13,0.685,0.04,0.035,0.085,0.02,0.005
455,0.005,0.025,0.005,0.0,0.0,0.015,0.95
456,0.0,0.0,0.04,0.005,0.0,0.085,0.87
457,0.0925,0.0,0.0375,0.01,0.135,0.005,0.72
458,0.09,0.02,0.115,0.035,0.04,0.065,0.635
459,0.025,0.01,0.085,0.005,0.015,0.04583333333333334,0.8141666666666666
460,0.07083333333333333,0.01,0.05416666666666666,0.015,0.12,0.125,0.605
461,0.025,0.015,0.01,0.015,0.305,0.63,0.0
462,0.05,0.025,0.035,0.055,0.01,0.775,0.05
463,0.0,0.0,0.0,0.0,0.0,0.99,0.01
464,0.335,0.185,0.155,0.16666666666666669,0.055,0.06333333333333332,0.04
465,0.0,0.0,0.0,0.0,0.0,0.99,0.01
466,0.0,0.0,0.0,0.01,0.0,0.98,0.01
467,0.0625,0.035,0.8375,0.025,0.025,0.0,0.015
468,0.065,0.04,0.76,0.08,0.005,0.025,0.025
469,0.145,0.03,0.7,0.057999999999999996,0.03,0.022000000000000002,0.015
470,0.12166666666666667,0.035,0.3533333333333333,0.02,0.1,0.0575,0.3125
471,0.115,0.01,0.775,0.005,0.005,0.05333333333333333,0.03666666666666667
472,0.065,0.035,0.835,0.03,0.005,0.025,0.005
473,0.07,0.185,0.055,0.615,0.015,0.05,0.01
474,0.025,0.03,0.06,0.7,0.045,0.08,0.06
475,0.17,0.05,0.13,0.35,0.03,0.18,0.09
476,0.225,0.1,0.06,0.03,0.325,0.18,0.08
477,0.325,0.15,0.16,0.0675,0.155,0.0775,0.065
478,0.025,0.01,0.0,0.0,0.955,0.005,0.005
479,0.08333333333333331,0.0,0.02166666666666667,0.005,0.82,0.005,0.065
480,0.05,0.015,0.0,0.0,0.895,0.015,0.025
481,0.07,0.015,0.03,0.0,0.825,0.025,0.035
482,0.115,0.11,0.02,0.01,0.615,0.1,0.03
483,0.04,0.005,0.015,0.005,0.895,0.035,0.005
484,0.045,0.0,0.01,0.005,0.905,0.02,0.015
485,0.42,0.02,0.015,0.025,0.47,0.03,0.02
486,0.025,0.005,0.015,0.0,0.91,0.025,0.02
487,0.03,0.015,0.025,0.015,0.885,0.01,0.02
488,0.02,0.0,0.005,0.005,0.92,0.03,0.02
489,0.12,0.17,0.04,0.033,0.56,0.057,0.02
490,0.0425,0.03,0.0175,0.043,0.805,0.042,0.02
491,0.09,0.095,0.04,0.02,0.675,0.06,0.02
492,0.09,0.05,0.005,0.005,0.83,0.02,0.0
493,0.04,0.01,0.02,0.005,0.895,0.03,0.0
494,0.07,0.03,0.095,0.01,0.735,0.03,0.03
495,0.025,0.01,0.01,0.005,0.92,0.02,0.01
496,0.015,0.015,0.0,0.0,0.96,0.01,0.0
497,0.03,0.795,0.045,0.095,0.025,0.005,0.005
498,0.005,0.91,0.005,0.015,0.0,0.06,0.005
499,0.01,0.855,0.065,0.005,0.01,0.04,0.015
500,0.04,0.845,0.02,0.045,0.005,0.035,0.01
501,0.005,0.98,0.005,0.0,0.0,0.01,0.0
502,0.07,0.795,0.015,0.035,0.02,0.035,0.03
503,0.005,0.005,0.04,0.028333333333333332,0.09,0.08666666666666668,0.745
504,0.03,0.01,0.035,0.0625,0.025,0.135,0.7025
505,0.01,0.0,0.02,0.02,0.005,0.085,0.86
506,0.04,0.02,0.19,0.045,0.03,0.02,0.655
507,0.025,0.005,0.035,0.013333333333333332,0.005,0.03166666666666666,0.885
508,0.04,0.03,0.03,0.01,0.045,0.0475,0.7975
509,0.015,0.0,0.01,0.02,0.005,0.04,0.91
510,0.05,0.01,0.15,0.015,0.0,0.045,0.73
511,0.0,0.02,0.015,0.02,0.03,0.03,0.885
512,0.006666666666666666,0.0,0.05333333333333334,0.01,0.0,0.09,0.84
513,0.03,0.17,0.03,0.04,0.035,0.665,0.03
514,0.0125,0.0,0.0475,0.025,0.01,0.735,0.17
515,0.115,0.05,0.7,0.025,0.015,0.055,0.04
516,0.19,0.015,0.745,0.015,0.03,0.0,0.005
517,0.09,0.075,0.725,0.01,0.02,0.045,0.035
518,0.7,0.04,0.115,0.035,0.07,0.01,0.03
519,0.05,0.15,0.7,0.03,0.0,0.045,0.025
520,0.16,0.04,0.74,0.015,0.025,0.0,0.02
521,0.06,0.01,0.875,0.015,0.005,0.01,0.025
522,0.035,0.045,0.705,0.005,0.025,0.004166666666666667,0.18083333333333332
523,0.1325,0.02,0.7175,0.015,0.05,0.025,0.04
524,0.075,0.045,0.755,0.005,0.025,0.015,0.08
525,0.03,0.055,0.79,0.0475,0.015,0.0425,0.02
526,0.075,0.03,0.765,0.025,0.015,0.06,0.03
527,0.09,0.035,0.02,0.815,0.02,0.015,0.005
528,0.04,0.275,0.01,0.66,0.01,0.005,0.0
529,0.025,0.15,0.025,0.7,0.04,0.025,0.035
530,0.015,0.015,0.03,0.895,0.02,0.01,0.015
531,0.015,0.015,0.03,0.895,0.02,0.01,0.015
532,0.085,0.035,0.065,0.655,0.035,0.02,0.105
533,0.10666666666666666,0.115,0.11833333333333335,0.045,0.335,0.205,0.075
534,0.08,0.005,0.02,0.015,0.825,0.035,0.02
535,0.2758333333333334,0.035,0.08416666666666668,0.025,0.465,0.045,0.07
536,0.075,0.01,0.01,0.005,0.875,0.01,0.015
537,0.07,0.045,0.045,0.065,0.695,0.055,0.025
538,0.075,0.03,0.03,0.005,0.86,0.0,0.0
539,0.105,0.315,0.04,0.04,0.385,0.1,0.015
540,0.025,0.685,0.04,0.01,0.08,0.07,0.09
541,0.05,0.7,0.04,0.015,0.075,0.095,0.025
542,0.075,0.64,0.02,0.075,0.11,0.05,0.03
543,0.05,0.765,0.12,0.02,0.03,0.0,0.015
544,0.03,0.735,0.15,0.04666666666666667,0.015,0.013333333333333332,0.01
545,0.057999999999999996,0.715,0.157,0.03,0.015,0.01,0.015
546,0.035,0.925,0.01,0.005,0.015,0.005,0.005
547,0.03,0.01,0.07,0.04,0.015,0.04,0.795
548,0.075,0.03,0.13,0.01,0.04,0.005,0.71
549,0.04,0.035,0.11,0.06,0.025,0.55,0.18
550,0.025,0.065,0.05,0.075,0.015,0.725,0.045
551,0.04,0.17,0.085,0.045,0.005,0.64,0.015
552,0.2325,0.03,0.6275,0.04,0.015,0.02,0.035
553,0.185,0.04,0.245,0.085,0.195,0.03,0.22
554,0.05,0.06,0.065,0.69,0.025,0.065,0.045
555,0.025,0.12,0.06,0.65,0.03,0.08,0.035
556,0.06,0.065,0.01,0.745,0.035,0.025,0.06
557,0.03,0.045,0.025,0.83,0.035,0.025,0.01
558,0.105,0.03,0.06,0.0,0.755,0.025,0.025
559,0.16,0.0,0.03,0.015,0.755,0.015,0.025
560,0.02,0.005,0.025,0.01,0.92,0.01,0.01
561,0.02,0.015,0.005,0.0,0.96,0.0,0.0
562,0.018333333333333333,0.01,0.016666666666666666,0.005,0.925,0.01,0.015
563,0.025,0.02,0.0,0.015,0.91,0.03,0.0
564,0.105,0.03,0.055,0.025,0.775,0.005,0.005
565,0.075,0.77,0.02,0.0,0.04,0.07,0.025
566,0.0,0.98,0.01,0.0,0.0,0.01,0.0
567,0.04,0.88,0.03,0.00875,0.025,0.01625,0.0
568,0.025,0.76,0.035,0.115,0.01,0.045,0.01
569,0.01,0.955,0.01,0.005,0.01,0.01,0.0
570,0.0,0.98,0.01,0.0,0.0,0.01,0.0
571,0.18,0.015,0.025,0.015,0.055,0.005,0.705
572,0.01,0.01,0.085,0.03,0.015,0.05,0.8
573,0.0825,0.015,0.0675,0.01,0.03,0.05,0.745
574,0.04,0.005,0.06,0.0,0.005,0.02,0.87
575,0.02,0.005,0.03,0.025,0.01,0.05,0.86
576,0.04,0.005,0.06,0.0,0.005,0.02,0.87
577,0.016666666666666666,0.01,0.028333333333333332,0.015,0.065,0.065,0.8
578,0.04,0.02,0.095,0.02,0.04,0.09,0.695
579,0.07,0.015,0.06,0.0,0.045,0.01,0.8
580,0.02,0.01,0.05,0.095,0.085,0.04,0.7
581,0.06,0.035,0.035,0.02,0.05,0.035,0.765
582,0.005,0.005,0.02,0.0,0.005,0.0325,0.9325
583,0.01,0.015,0.04,0.005,0.005,0.09,0.835
584,0.205,0.02,0.115,0.0,0.2,0.0575,0.4025
585,0.02,0.045,0.015,0.005,0.04,0.08,0.795
586,0.025,0.005,0.03,0.02,0.005,0.0275,0.8875
587,0.026666666666666665,0.02,0.08333333333333331,0.045,0.04,0.745,0.04
588,0.02,0.03,0.035,0.04,0.02,0.515,0.34
589,0.055,0.095,0.125,0.13,0.05,0.1,0.445
590,0.02,0.005,0.005,0.035,0.015,0.79,0.13
591,0.015,0.015,0.01,0.005,0.08,0.825,0.05
592,0.04,0.005,0.035,0.005,0.07,0.705,0.14
593,0.03,0.0,0.085,0.03,0.145,0.655,0.055
594,0.315,0.075,0.075,0.05,0.415,0.045,0.025
595,0.035,0.045,0.06,0.06,0.31,0.24,0.25
596,0.0,0.07,0.015,0.045,0.025,0.805,0.04
597,0.03166666666666666,0.08,0.06333333333333332,0.0725,0.02,0.7075,0.025
598,0.08,0.105,0.105,0.06,0.05,0.355,0.245
599,0.02,0.095,0.03,0.1,0.015,0.715,0.025
600,0.01,0.085,0.015,0.08,0.0,0.705,0.105
601,0.05,0.165,0.7,0.045,0.025,0.01,0.005
602,0.01875,0.005,0.71125,0.015,0.01,0.075,0.165
603,0.025,0.03,0.735,0.0825,0.015,0.065,0.0475
604,0.09,0.115,0.52,0.02,0.045,0.065,0.145
605,0.04,0.01,0.65,0.02,0.04,0.01,0.23
606,0.125,0.02,0.695,0.02,0.03,0.085,0.025
607,0.055,0.055,0.755,0.05,0.025,0.05,0.01
608,0.06,0.015,0.685,0.03,0.05,0.03,0.13
609,0.29,0.05,0.44,0.065,0.06,0.045,0.05
610,0.005,0.1,0.73,0.09,0.025,0.04,0.01
611,0.115,0.035,0.76,0.005,0.015,0.01,0.06
612,0.005,0.025,0.925,0.035,0.0,0.0,0.01
613,0.09300000000000001,0.045,0.687,0.035,0.02,0.01,0.11
614,0.085,0.155,0.635,0.0275,0.02,0.0725,0.005
615,0.03,0.115,0.135,0.69,0.0,0.015,0.015
616,0.005,0.01,0.04,0.64,0.015,0.11,0.18
617,0.0675,0.095,0.1525,0.305,0.015,0.275,0.09
618,0.095,0.17,0.025,0.655,0.025,0.015,0.015
619,0.115,0.045,0.08,0.665,0.07,0.015,0.01
620,0.045,0.09,0.135,0.255,0.035,0.297,0.14300000000000002
621,0.025,0.06,0.065,0.69,0.0,0.04,0.12
622,0.015,0.135,0.065,0.72,0.005,0.04,0.02
623,0.04,0.025,0.135,0.685,0.005,0.075,0.035
624,0.155,0.055,0.095,0.585,0.03,0.055,0.025
625,0.075,0.035,0.065,0.69,0.04,0.08,0.015
626,0.055,0.06,0.05,0.02,0.725,0.06,0.03
627,0.04,0.005,0.0,0.0,0.935,0.01,0.01
628,0.015,0.02,0.015,0.14,0.74,0.055,0.015
629,0.205,0.025,0.045,0.0,0.7,0.02,0.005
630,0.075,0.02,0.02,0.005,0.855,0.01,0.015
631,0.0,0.005,0.0,0.0,0.995,0.0,0.0
632,0.04,0.015,0.015,0.0,0.875,0.035,0.02
633,0.065,0.145,0.035,0.005,0.725,0.02,0.005
634,0.07833333333333332,0.005,0.051666666666666666,0.005,0.81,0.015,0.035
635,0.065,0.025,0.005,0.01,0.845,0.035,0.015
636,0.215,0.01,0.025,0.015,0.695,0.02,0.02
637,0.045,0.795,0.04,0.07,0.01,0.025,0.015
638,0.02,0.61,0.06,0.055,0.035,0.125,0.095
639,0.02,0.78,0.03,0.015,0.09,0.055,0.01
640,0.02,0.74,0.045,0.095,0.005,0.08,0.015
641,0.005,0.9,0.015,0.005,0.06,0.015,0.0
642,0.05,0.87,0.01,0.0125,0.015,0.0325,0.01
643,0.16,0.685,0.025,0.045,0.055,0.01,0.02
644,0.01,0.705,0.03,0.02,0.035,0.07,0.13
645,0.095,0.78,0.035,0.045,0.03,0.005,0.01
646,0.105,0.54,0.075,0.084,0.05,0.10099999999999999,0.045
647,0.0475,0.305,0.1825,0.12,0.015,0.125,0.205
648,0.006666666666666666,0.015,0.028333333333333335,0.005,0.02,0.865,0.06
649,0.195,0.045,0.12,0.02,0.095,0.0625,0.4625
650,0.015,0.005,0.03,0.01,0.005,0.005,0.93
651,0.035,0.07,0.085,0.085,0.005,0.075,0.645
652,0.015,0.05,0.045,0.01,0.03,0.755,0.095
653,0.03,0.075,0.05,0.055,0.055,0.7025,0.0325
654,0.015,0.03,0.79,0.05,0.03,0.04,0.045
655,0.1,0.05,0.74,0.025,0.08,0.0,0.005
656,0.04,0.05,0.05,0.67,0.14,0.03333333333333333,0.016666666666666666
657,0.04916666666666667,0.065,0.05583333333333333,0.03,0.705,0.06,0.035
658,0.03,0.025,0.05,0.01,0.03,0.04,0.815
659,0.045,0.05,0.055,0.055,0.07,0.715,0.01
660,0.03,0.05,0.06,0.05,0.025,0.35,0.435
661,0.115,0.01,0.07,0.015,0.67,0.015,0.105
662,0.015,0.015,0.05,0.01,0.015,0.03,0.865
663,0.02,0.0,0.08,0.015,0.005,0.06333333333333334,0.8166666666666665
664,0.02,0.01,0.045,0.01,0.005,0.035,0.875
665,0.095,0.085,0.035,0.08625,0.02,0.04875,0.63
666,0.015,0.01,0.055,0.01,0.015,0.015,0.88
667,0.015,0.015,0.035,0.0225,0.0,0.0925,0.82
668,0.11,0.105,0.235,0.02,0.05,0.03,0.45
669,0.03,0.075,0.04,0.01,0.06,0.695,0.09
670,0.085,0.055,0.14,0.035,0.03,0.18,0.475
671,0.105,0.09,0.045,0.01,0.03,0.685,0.035
672,0.125,0.1,0.635,0.01,0.075,0.05,0.005
673,0.05,0.07,0.73,0.04,0.025,0.03,0.055
674,0.015,0.17,0.695,0.04,0.015,0.045,0.02
675,0.085,0.0,0.8,0.015,0.045,0.01,0.045
676,0.105,0.14,0.13,0.06,0.31,0.15,0.105
677,0.075,0.115,0.27,0.125,0.175,0.125,0.115
678,0.045,0.02,0.025,0.005,0.79,0.051666666666666666,0.06333333333333334
679,0.005,0.0,0.005,0.04,0.95,0.0,0.0
680,0.01,0.02,0.01,0.0,0.96,0.0,0.0
681,0.1275,0.03,0.0475,0.015,0.73,0.025,0.025
682,0.095,0.03,0.015,0.005,0.77,0.035,0.05
683,0.105,0.025,0.01,0.03,0.785,0.025,0.02
684,0.015,0.945,0.02,0.005,0.005,0.005,0.005
685,0.09,0.72,0.03,0.04,0.035,0.02,0.065
686,0.01,0.92,0.02,0.015,0.01,0.0,0.025
687,0.16,0.485,0.1,0.125,0.02,0.1,0.01
688,0.06,0.85,0.01,0.035,0.01,0.025,0.01
689,0.015,0.885,0.06,0.015,0.005,0.015,0.005
690,0.02,0.005,0.0,0.005,0.27,0.01,0.69
691,0.065,0.005,0.15,0.03,0.01,0.02,0.72
692,0.015,0.005,0.02,0.005,0.935,0.005,0.015
693,0.1125,0.02,0.0575,0.02,0.055,0.575,0.16
694,0.05,0.055,0.745,0.02,0.025,0.055,0.05
695,0.035,0.015,0.025,0.035,0.03,0.685,0.175
696,0.08,0.035,0.05,0.045,0.12,0.625,0.045
697,0.175,0.075,0.515,0.095,0.015,0.075,0.05
698,0.011666666666666665,0.01,0.12833333333333333,0.03,0.655,0.09,0.075
699,0.195,0.04,0.035,0.0305,0.525,0.044500000000000005,0.13
700,0.025,0.87,0.02,0.005,0.025,0.05,0.005
701,0.045,0.02,0.07,0.08,0.015,0.07,0.7
702,0.015,0.015,0.035,0.045,0.0,0.05,0.84
703,0.07,0.03,0.305,0.015,0.07,0.115,0.395
704,0.02,0.015,0.015,0.03,0.015,0.035,0.87
705,0.08,0.035,0.02,0.03,0.12,0.02,0.695
706,0.055,0.02,0.15,0.02,0.035,0.045,0.675
707,0.055,0.02,0.03,0.02,0.035,0.135,0.705
708,0.0075,0.005,0.0275,0.01,0.005,0.039,0.9059999999999999
709,0.065,0.02,0.06,0.025,0.015,0.085,0.73
710,0.015,0.025,0.035,0.03,0.01,0.035,0.85
711,0.02,0.025,0.04,0.025,0.01,0.88,0.0
712,0.03,0.025,0.06,0.005,0.03,0.73,0.12
713,0.185,0.19,0.18,0.04,0.08,0.23,0.095
714,0.04,0.01,0.045,0.025,0.07,0.7,0.11
715,0.02,0.025,0.04,0.025,0.01,0.88,0.0
716,0.015,0.03,0.05,0.015,0.035,0.7,0.155
717,0.01,0.05,0.035,0.03,0.005,0.82,0.05
718,0.055,0.02,0.15,0.02,0.035,0.045,0.675
719,0.11,0.005,0.715,0.035,0.015,0.07,0.05
720,0.105,0.085,0.655,0.0475,0.035,0.0175,0.055
721,0.005,0.005,0.93,0.005,0.0,0.02,0.035
722,0.005,0.005,0.93,0.005,0.0,0.02,0.035
723,0.095,0.055,0.095,0.42,0.065,0.205,0.065
724,0.075,0.03,0.715,0.005,0.015,0.06,0.1
725,0.07,0.02,0.795,0.01,0.03,0.02,0.055
726,0.225,0.005,0.615,0.0125,0.07,0.03,0.0425
727,0.07,0.245,0.345,0.135,0.04,0.075,0.09
728,0.1225,0.075,0.1575,0.18,0.035,0.38,0.05
729,0.065,0.045,0.035,0.7,0.065,0.035,0.055
730,0.02,0.025,0.105,0.7404999999999999,0.005,0.0495,0.055
731,0.02,0.015,0.005,0.0,0.96,0.0,0.0
732,0.0975,0.0475,0.045,0.005,0.79,0.0,0.015
733,0.255,0.01,0.03,0.0,0.675,0.01,0.02
734,0.06,0.005,0.015,0.005,0.905,0.01,0.0
735,0.12333333333333332,0.03166666666666666,0.18,0.03,0.625,0.0,0.01
736,0.02,0.935,0.025,0.01,0.01,0.0,0.0
737,0.025,0.87,0.035,0.02,0.0,0.04,0.01
738,0.09,0.865,0.02,0.01,0.01,0.005,0.0
739,0.005,0.955,0.015,0.02,0.0,0.005,0.0
740,0.17333333333333337,0.28,0.12666666666666665,0.046,0.07,0.15,0.154
741,0.055,0.74,0.03,0.05,0.075,0.035,0.015
742,0.16,0.71,0.065,0.025,0.03,0.0,0.01
743,0.125,0.745,0.03,0.045,0.025,0.02,0.01
744,0.18,0.235,0.16,0.04,0.115,0.105,0.165
745,0.04,0.555,0.125,0.09916666666666667,0.045,0.105,0.03083333333333333
746,0.03,0.07,0.06,0.01,0.055,0.0325,0.7425
747,0.025,0.015,0.065,0.03,0.0,0.025,0.84
748,0.055,0.11,0.035,0.0,0.09,0.03,0.68
749,0.04833333333333333,0.01,0.06666666666666667,0.05,0.005,0.67,0.15
750,0.005,0.025,0.08,0.045,0.04,0.75,0.055
751,0.06,0.08,0.675,0.05,0.035,0.015,0.085
752,0.065,0.06,0.64,0.0,0.045,0.025,0.165
753,0.06,0.03,0.695,0.075,0.03,0.06,0.05
754,0.07,0.085,0.115,0.495,0.025,0.135,0.075
755,0.2,0.16,0.08,0.285,0.105,0.11,0.06
756,0.025,0.01,0.01,0.0,0.935,0.0,0.02
757,0.045,0.015,0.015,0.01,0.89,0.01,0.015
758,0.075,0.015,0.03,0.0,0.84,0.03,0.01
759,0.035,0.01,0.01,0.0,0.92,0.01,0.015
760,0.02,0.045,0.025,0.04,0.795,0.06,0.015
761,0.005,0.0,0.0,0.005,0.985,0.0,0.005
762,0.1,0.02,0.02,0.015,0.755,0.055,0.035
763,0.07,0.015,0.075,0.0,0.715,0.07,0.055
764,0.66,0.055,0.085,0.0425,0.135,0.0125,0.01
765,0.04,0.035,0.78,0.0225,0.01,0.0875,0.025
766,0.055,0.045,0.815,0.03,0.005,0.025,0.025
767,0.07625,0.035,0.75375,0.045,0.025,0.02,0.045
768,0.42,0.03,0.22,0.035,0.025,0.05416666666666666,0.21583333333333335
769,0.035,0.01,0.01,0.005,0.925,0.01,0.005
770,0.03,0.03,0.03,0.005,0.73,0.025,0.15
771,0.09,0.02,0.055,0.045,0.595,0.08,0.115
772,0.715,0.01,0.02,0.0,0.175,0.045,0.035
773,0.84,0.015,0.055,0.0,0.01,0.025,0.055
774,0.315,0.2,0.21,0.055,0.14,0.035,0.045
775,0.705,0.005,0.065,0.005,0.07,0.02,0.13
776,0.195,0.105,0.185,0.05,0.285,0.12,0.06
777,0.14833333333333334,0.025,0.07666666666666667,0.045,0.315,0.06166666666666666,0.3283333333333333
778,0.46,0.09,0.095,0.04,0.17,0.1,0.045
779,0.76,0.035,0.06,0.04,0.075,0.02,0.01
780,0.795,0.0,0.05,0.015,0.095,0.015,0.03
781,0.815,0.035,0.05,0.01,0.03,0.005,0.055
782,0.695,0.005,0.01,0.035,0.215,0.03,0.01
783,0.775,0.065,0.05,0.01,0.025,0.06,0.015
784,0.2725,0.04,0.2825,0.2,0.02,0.09,0.095
785,0.86,0.015,0.06,0.01,0.035,0.01,0.01
786,0.925,0.015,0.02,0.02,0.005,0.015,0.0
787,0.8083333333333335,0.025,0.04666666666666667,0.01,0.065,0.025,0.02
788,0.095,0.03,0.045,0.01,0.025,0.035,0.76
789,0.015,0.015,0.035,0.03,0.0,0.102,0.8029999999999999
790,0.0,0.0,0.01,0.005,0.005,0.035,0.945
791,0.02,0.0,0.03,0.005,0.01,0.07,0.865
792,0.025,0.0,0.05,0.0,0.005,0.02,0.9
793,0.02,0.02,0.015,0.0,0.05,0.075,0.82
794,0.145,0.19,0.23,0.025,0.075,0.105,0.23
795,0.065,0.05,0.055,0.035,0.08,0.035,0.68
796,0.015,0.0,0.03,0.016,0.01,0.087,0.8419999999999999
797,0.075,0.06,0.06,0.115,0.03,0.185,0.475
798,0.0675,0.005,0.1175,0.06,0.03,0.04,0.68
799,0.005,0.025,0.005,0.0,0.0,0.015,0.95
800,0.005,0.0,0.04,0.01,0.02,0.035,0.89
801,0.005,0.02,0.02,0.0,0.005,0.935,0.015
802,0.005,0.01,0.03,0.005,0.055,0.83,0.065
803,0.0,0.0,0.0,0.0,0.0,0.99,0.01
804,0.005,0.005,0.02,0.005,0.015,0.935,0.015
805,0.0,0.0,0.0,0.0,0.0,0.99,0.01
806,0.09,0.12,0.02,0.01,0.06,0.695,0.005
807,0.0,0.0,0.0,0.01,0.0,0.98,0.01
808,0.19,0.03,0.05,0.015,0.075,0.61,0.03
809,0.02,0.015,0.08,0.015,0.005,0.825,0.04
810,0.05,0.085,0.065,0.115,0.005,0.66,0.02
811,0.05,0.035,0.03,0.0475,0.005,0.7675,0.065
812,0.105,0.06,0.055,0.66,0.07,0.015,0.035
813,0.175,0.065,0.12,0.485,0.025,0.075,0.055
814,0.215,0.195,0.13,0.08,0.1,0.18,0.1
815,0.105,0.41,0.2,0.14,0.045,0.055,0.045
816,0.06,0.05,0.065,0.74,0.025,0.025,0.035
817,0.07,0.01,0.02,0.81,0.03,0.03,0.03
818,0.06,0.155,0.19,0.21833333333333335,0.045,0.17,0.16166666666666665
819,0.01,0.005,0.015,0.945,0.01,0.0,0.015
820,0.105,0.06,0.01,0.69,0.045,0.05,0.04
821,0.015,0.035,0.03,0.765,0.005,0.13,0.02
822,0.205,0.075,0.19,0.275,0.065,0.095,0.095
823,0.065,0.015,0.075,0.78,0.01,0.03,0.025
824,0.05,0.005,0.005,0.01,0.88,0.015,0.035
825,0.03,0.0,0.02,0.005,0.93,0.005,0.01
826,0.025,0.0,0.005,0.005,0.955,0.005,0.005
827,0.185,0.03,0.035,0.005,0.715,0.01,0.02
828,0.035,0.015,0.015,0.005,0.925,0.0,0.005
829,0.055,0.01,0.035,0.01,0.82,0.01,0.06
830,0.12,0.035,0.065,0.02,0.695,0.03,0.035
831,0.07,0.045,0.005,0.03,0.845,0.0,0.005
832,0.01,0.01,0.0,0.005,0.975,0.0,0.0
833,0.1,0.005,0.02,0.01,0.855,0.0,0.01
834,0.065,0.02,0.015,0.005,0.86,0.015,0.02
835,0.055,0.02,0.01,0.01,0.865,0.0,0.04
836,0.005,0.0,0.0,0.0,0.935,0.045,0.015
837,0.16375,0.155,0.17125,0.07,0.095,0.13866666666666666,0.20633333333333334
838,0.015,0.875,0.035,0.025,0.0,0.035,0.015
839,0.04,0.85,0.04,0.025,0.015,0.01,0.02
840,0.02,0.89,0.01,0.025,0.005,0.05,0.0
841,0.04,0.8,0.04,0.02,0.015,0.07,0.015
842,0.015,0.895,0.015,0.025,0.02,0.005,0.025
843,0.055,0.7,0.055,0.025,0.025,0.06,0.08
844,0.134,0.6759999999999999,0.03,0.11,0.04,0.005,0.005
845,0.134,0.6759999999999999,0.03,0.11,0.04,0.005,0.005
846,0.015,0.74,0.135,0.0525,0.0,0.0325,0.025
847,0.06,0.76,0.06,0.02,0.06,0.02,0.02
848,0.025,0.75,0.075,0.025,0.035,0.055,0.035
849,0.04,0.79,0.025,0.025,0.045,0.055,0.02
850,0.035,0.865,0.01,0.01,0.025,0.04,0.015
851,0.055,0.82,0.02,0.035,0.035,0.015,0.02
852,0.085,0.115,0.17,0.035,0.175,0.245,0.175
853,0.0,0.97,0.005,0.015,0.005,0.0,0.005
854,0.85,0.01,0.1,0.01,0.02,0.01,0.0
855,0.895,0.01,0.02,0.005,0.055,0.01,0.005
856,0.77,0.02,0.055,0.0125,0.065,0.0475,0.03
857,0.805,0.035,0.0,0.02,0.085,0.02,0.035
858,0.71,0.02,0.055,0.03,0.13,0.05,0.005
859,0.835,0.02,0.07,0.01,0.02,0.02,0.025
860,0.7,0.015,0.205,0.02,0.0,0.01,0.05
861,0.73,0.035,0.05,0.035,0.05,0.03,0.07
862,0.725,0.07,0.12,0.015,0.045,0.02,0.005
863,0.78625,0.0,0.08875,0.01,0.07,0.015,0.03
864,0.715,0.05,0.04,0.01,0.08,0.025,0.08
865,0.775,0.02,0.095,0.045,0.035,0.01,0.02
866,0.89,0.005,0.01,0.005,0.05,0.02,0.02
867,0.625,0.055,0.16,0.015,0.005,0.042,0.098
868,0.39,0.12,0.21,0.1025,0.085,0.03,0.0625
869,0.725,0.0,0.12,0.03,0.04,0.055,0.03
870,0.935,0.02,0.005,0.015,0.02,0.005,0.0
871,0.30833333333333335,0.02,0.29666666666666663,0.04,0.2,0.075,0.06
872,0.065,0.11,0.105,0.03833333333333333,0.33,0.1366666666666667,0.215
873,0.02,0.005,0.05,0.015,0.005,0.09,0.815
874,0.09416666666666668,0.01,0.10583333333333332,0.02,0.08,0.1125,0.5775
875,0.095,0.055,0.07,0.02,0.06,0.01,0.69
876,0.045,0.005,0.015,0.015,0.03,0.015,0.875
877,0.05333333333333333,0.015,0.07166666666666666,0.02,0.01,0.1,0.73
878,0.08,0.05,0.02,0.01,0.12,0.06,0.66
879,0.045,0.005,0.015,0.015,0.03,0.015,0.875
880,0.02,0.0,0.09,0.025,0.0,0.035,0.83
881,0.0475,0.07,0.0325,0.03,0.035,0.03,0.755
882,0.018333333333333333,0.0,0.05666666666666667,0.0,0.02,0.02083333333333333,0.8841666666666665
883,0.03,0.105,0.05,0.02,0.015,0.72,0.06
884,0.08,0.04,0.1,0.035,0.035,0.665,0.045
885,0.045,0.065,0.06,0.09,0.015,0.68,0.045
886,0.135,0.03,0.755,0.0,0.06,0.01,0.01
887,0.24,0.09,0.365,0.105,0.045,0.095,0.06
888,0.195,0.02,0.73,0.015,0.03,0.0,0.01
889,0.12416666666666668,0.015,0.7758333333333333,0.02,0.02,0.015,0.03
890,0.305,0.06,0.175,0.11,0.085,0.17,0.095
891,0.195,0.005,0.68,0.01,0.07,0.01,0.03
892,0.0975,0.055,0.7775,0.02,0.01,0.035,0.005
893,0.11,0.01,0.675,0.02033333333333333,0.02,0.04166666666666666,0.12300000000000001
894,0.01,0.0,0.03,0.685,0.005,0.035833333333333335,0.2341666666666667
895,0.07,0.02,0.05,0.78,0.005,0.045,0.03
896,0.055,0.045,0.08,0.02,0.04,0.08083333333333333,0.6791666666666666
897,0.08,0.19,0.04,0.635,0.03,0.02,0.005
898,0.03,0.035,0.03,0.045,0.77,0.055,0.035
899,0.03,0.01,0.025,0.0,0.91,0.015,0.01
900,0.03,0.02,0.02,0.0,0.91,0.01,0.01
901,0.085,0.205,0.01,0.015,0.66,0.02,0.005
902,0.09,0.03,0.055,0.025,0.685,0.06,0.055
903,0.03,0.025,0.015,0.005,0.87,0.02,0.035
904,0.04,0.005,0.005,0.005,0.94,0.005,0.0
905,0.1,0.01,0.035,0.005,0.82,0.02,0.01
906,0.05833333333333333,0.08,0.03166666666666666,0.005,0.72,0.055,0.05
907,0.03,0.005,0.005,0.0,0.935,0.01,0.015
908,0.07,0.01,0.045,0.02,0.78,0.03,0.045
909,0.02,0.01,0.005,0.0,0.95,0.005,0.01
910,0.01,0.015,0.005,0.01,0.87,0.03,0.06
911,0.05,0.0,0.005,0.0,0.915,0.015,0.015
912,0.46,0.015,0.05,0.0,0.445,0.015,0.015
913,0.015,0.925,0.01,0.005,0.01,0.01,0.025
914,0.12,0.635,0.05,0.035,0.11,0.02,0.03
915,0.045,0.68,0.13,0.04,0.015,0.075,0.015
916,0.005,0.975,0.0,0.005,0.01,0.005,0.0
917,0.045,0.89,0.01,0.005,0.045,0.005,0.0
918,0.02,0.95,0.0,0.01,0.015,0.005,0.0
919,0.795,0.045,0.045,0.045,0.015,0.04,0.015
920,0.945,0.0,0.03,0.01,0.005,0.0,0.01
921,0.77,0.025,0.09,0.0,0.1,0.01,0.005
922,0.88,0.03,0.01,0.035,0.005,0.015,0.025
923,0.15,0.045,0.415,0.12,0.035,0.105,0.13
924,0.82,0.005,0.065,0.005,0.07,0.005,0.03
925,0.755,0.025,0.06,0.035,0.08,0.01875,0.02625
926,0.885,0.015,0.04,0.005,0.015,0.025,0.015
927,0.79,0.025,0.06,0.055,0.03,0.025,0.015
928,0.98,0.0,0.0,0.01,0.01,0.0,0.0
929,0.68,0.07,0.06,0.005,0.14,0.025,0.02
930,0.65,0.15,0.04,0.095,0.01,0.04,0.015
931,0.4,0.05,0.14,0.02,0.105,0.035,0.25
932,0.795,0.035,0.055,0.01,0.085,0.01,0.01
933,0.79,0.04,0.125,0.005,0.035,0.0,0.005
934,0.905,0.005,0.015,0.0,0.04,0.025,0.01
935,0.99,0.0,0.005,0.0,0.005,0.0,0.0
936,0.685,0.06,0.1,0.005,0.115,0.03,0.005
937,0.56,0.06,0.125,0.085,0.095,0.04,0.035
938,0.865,0.02,0.035,0.005,0.05,0.01,0.015
939,0.095,0.05,0.205,0.11666666666666665,0.17,0.2683333333333333,0.095
940,0.025,0.065,0.06,0.045,0.01,0.015,0.78
941,0.005,0.005,0.065,0.005,0.0,0.04,0.88
942,0.045,0.02,0.055,0.01,0.025,0.13699999999999998,0.708
943,0.0575,0.01,0.0875,0.01,0.075,0.08,0.68
944,0.021666666666666664,0.025,0.018333333333333333,0.01,0.155,0.04,0.73
945,0.045,0.025,0.0,0.005,0.165,0.1,0.66
946,0.01,0.015,0.025,0.045,0.0,0.065,0.84
947,0.005,0.03,0.065,0.005,0.005,0.05666666666666667,0.8333333333333333
948,0.005,0.0,0.005,0.005,0.015,0.0245,0.9455
949,0.035,0.045,0.04,0.005,0.04,0.05,0.785
950,0.015,0.0,0.07,0.02,0.005,0.02708333333333333,0.8629166666666666
951,0.025,0.035,0.025,0.01,0.02,0.044000000000000004,0.841
952,0.0,0.0,0.0,0.01,0.0,0.98,0.01
953,0.015,0.005,0.025,0.5006785714285715,0.02,0.4093214285714285,0.025
954,0.025,0.01,0.01,0.045,0.005,0.72,0.185
955,0.005,0.015,0.01,0.0,0.005,0.94,0.025
956,0.0,0.0,0.0,0.01,0.0,0.98,0.01
957,0.04,0.16,0.005,0.01,0.055,0.725,0.005
958,0.025,0.1,0.025,0.023333333333333334,0.02,0.7716666666666666,0.035
959,0.005,0.015,0.01,0.0,0.005,0.94,0.025
960,0.065,0.085,0.08,0.03,0.525,0.165,0.05
961,0.025,0.005,0.03,0.09,0.01,0.825,0.015
962,0.07,0.035,0.05,0.025,0.065,0.7,0.055
963,0.06,0.015,0.725,0.04,0.035,0.05,0.075
964,0.025,0.005,0.8,0.01,0.0,0.095,0.065
965,0.76,0.025,0.11,0.01,0.075,0.0,0.02
966,0.14,0.07,0.655,0.026666666666666665,0.065,0.03333333333333333,0.01
967,0.15,0.05,0.605,0.03,0.025,0.11,0.03
968,0.02,0.0,0.895,0.025,0.015,0.025,0.02
969,0.02,0.0,0.895,0.025,0.015,0.025,0.02
970,0.015,0.01,0.73,0.05,0.1,0.07,0.025
971,0.025,0.01,0.69,0.045,0.015,0.055,0.16
972,0.035,0.01,0.675,0.01,0.06,0.0,0.21
973,0.01,0.105,0.795,0.045,0.005,0.015,0.025
974,0.05,0.02,0.83,0.02,0.01,0.005,0.065
975,0.17333333333333337,0.011666666666666665,0.73,0.01,0.05,0.0,0.025
976,0.05,0.02,0.725,0.03,0.055,0.04,0.08
977,0.0575,0.1,0.7275,0.035,0.025,0.01,0.045
978,0.015,0.03,0.025,0.845,0.045,0.035,0.005
979,0.065,0.55,0.04,0.255,0.06,0.02,0.01
980,0.03,0.1,0.13,0.2425,0.08,0.272,0.14550000000000002
981,0.015,0.005,0.025,0.5006785714285715,0.02,0.4093214285714285,0.025
982,0.295,0.24,0.165,0.055,0.165,0.04,0.04
983,0.035,0.055,0.09,0.765,0.01,0.02,0.025
984,0.095,0.035,0.035,0.7425,0.04,0.0325,0.02
985,0.0475,0.02,0.0625,0.705,0.025,0.075,0.065
986,0.16,0.05,0.05,0.64,0.08,0.015,0.005
987,0.027999999999999997,0.025,0.067,0.788125,0.0,0.061875,0.03
988,0.14,0.005,0.03,0.0,0.78,0.03,0.015
989,0.125,0.035,0.125,0.005,0.65,0.015,0.045
990,0.115,0.02,0.01,0.005,0.825,0.025,0.0
991,0.12,0.11,0.065,0.035,0.405,0.185,0.08
992,0.09050000000000001,0.02,0.13449999999999998,0.03,0.66,0.04,0.025
993,0.51,0.075,0.185,0.04,0.08,0.035,0.075
994,0.01,0.0,0.0,0.015,0.94,0.015,0.02
995,0.12,0.11,0.065,0.035,0.405,0.185,0.08
996,0.13,0.02,0.015,0.005,0.825,0.0,0.005
997,0.005,0.0,0.005,0.0,0.99,0.0,0.0
998,0.005,0.0,0.005,0.0,0.99,0.0,0.0
999,0.05,0.02,0.01,0.015,0.86,0.02,0.025
1000,0.035,0.005,0.005,0.005,0.925,0.005,0.02
1001,0.015,0.9,0.005,0.006,0.015,0.035,0.024
1002,0.015,0.9,0.005,0.006,0.015,0.035,0.024
1003,0.035,0.785,0.035,0.075,0.04,0.015,0.015
1004,0.04,0.79,0.03,0.06,0.01,0.06,0.01
1005,0.005,0.965,0.0,0.005,0.02,0.0,0.005
1006,0.01,0.97,0.005,0.0,0.005,0.01,0.0
1007,0.145,0.745,0.01,0.04,0.035,0.02,0.005
1008,0.04,0.685,0.035,0.02,0.115,0.075,0.03
1009,0.0,0.985,0.005,0.0,0.005,0.005,0.0
1010,0.08,0.685,0.13,0.055,0.015,0.02,0.015
1011,0.055,0.875,0.005,0.025,0.015,0.02,0.005
1012,0.03,0.88,0.01,0.01,0.03,0.015,0.025
1013,0.035,0.94,0.005,0.015,0.0,0.0,0.005
1014,0.06,0.76,0.015,0.03,0.085,0.035,0.015
1015,0.89,0.05,0.03,0.01,0.005,0.01,0.005
1016,0.805,0.015,0.1,0.01,0.035,0.015,0.02
1017,0.72,0.065,0.04,0.07,0.055,0.03,0.02
1018,0.695,0.015,0.01,0.01,0.24,0.005,0.025
1019,0.9,0.005,0.025,0.01,0.045,0.005,0.01
1020,0.715,0.03,0.06,0.02416666666666667,0.13,0.010833333333333332,0.03
1021,0.855,0.02,0.045,0.015,0.03,0.02,0.015
1022,0.875,0.025,0.055,0.005,0.025,0.005,0.01
1023,0.80875,0.025,0.02125,0.0225,0.08,0.0125,0.03
1024,0.88,0.02,0.045,0.02,0.025,0.005,0.005
1025,0.30833333333333335,0.215,0.17166666666666663,0.12,0.035,0.115,0.035
1026,0.825,0.015,0.025,0.02,0.04,0.03,0.045
1027,0.755,0.02,0.075,0.015,0.075,0.03,0.03
1028,0.69,0.005,0.115,0.03,0.015,0.0575,0.0875
1029,0.68,0.03,0.075,0.04,0.085,0.03,0.06
1030,0.76,0.025,0.11,0.01,0.075,0.0,0.02
1031,0.84,0.075,0.01,0.03,0.005,0.025,0.015
1032,0.785,0.015,0.085,0.02,0.035,0.035,0.025
1033,0.83,0.01,0.095,0.0,0.04,0.005,0.02
1034,0.705,0.03,0.025,0.045,0.125,0.025,0.045
1035,0.84,0.075,0.01,0.03,0.005,0.025,0.015
1036,0.79,0.01,0.035,0.01,0.105,0.025,0.025
1037,0.8425,0.005,0.0925,0.02,0.02,0.01,0.01
1038,0.005,0.005,0.025,0.015,0.01,0.035,0.905
1039,0.00625,0.015,0.02375,0.005,0.0,0.014999999999999998,0.9350000000000002
1040,0.01,0.0,0.0,0.01,0.005,0.44791666666666663,0.5270833333333333
1041,0.005,0.01,0.025,0.0,0.015,0.028333333333333332,0.9166666666666667
1042,0.22,0.03,0.015,0.03,0.04,0.645,0.02
1043,0.08,0.03,0.085,0.05,0.595,0.1,0.06
1044,0.045,0.03,0.055,0.03,0.13,0.68,0.03
1045,0.06,0.025,0.05,0.155,0.0,0.695,0.015
1046,0.02,0.035,0.055,0.03375,0.05,0.74,0.06625
1047,0.265,0.145,0.23,0.05,0.015,0.085,0.21
1048,0.04,0.025,0.125,0.19166666666666668,0.15,0.4083333333333334,0.06
1049,0.01,0.0,0.0,0.01,0.005,0.44791666666666663,0.5270833333333333
1050,0.045,0.065,0.035,0.02,0.115,0.705,0.015
1051,0.055,0.025,0.65,0.02,0.15,0.025,0.075
1052,0.105,0.04,0.78,0.015,0.025,0.015,0.02
1053,0.06366666666666668,0.115,0.6963333333333332,0.065,0.0,0.04,0.02
1054,0.13,0.05,0.72,0.025,0.045,0.005,0.025
1055,0.075,0.035,0.69,0.025,0.045,0.06,0.07
1056,0.02,0.055,0.71,0.021,0.02,0.11,0.064
1057,0.025,0.025,0.695,0.05,0.05,0.12,0.035
1058,0.005,0.025,0.925,0.035,0.0,0.0,0.01
1059,0.12,0.015,0.7,0.01,0.06,0.035,0.06
1060,0.025,0.15,0.045,0.725,0.005,0.035,0.015
1061,0.02,0.04,0.03,0.825,0.035,0.03,0.02
1062,0.015,0.02,0.055,0.775,0.02,0.07625,0.03875
1063,0.08,0.02,0.065,0.6875,0.005,0.1275,0.015
1064,0.035,0.03,0.015,0.0025,0.825,0.0575,0.035
1065,0.025,0.02,0.05,0.011666666666666667,0.74,0.1,0.05333333333333334
1066,0.015,0.005,0.01,0.0,0.96,0.0,0.01
1067,0.005,0.005,0.035,0.01,0.9,0.01,0.035
1068,0.025,0.01,0.005,0.01,0.92,0.025,0.005
1069,0.06,0.01,0.075,0.025,0.73,0.075,0.025
1070,0.015,0.0,0.0,0.0,0.965,0.015,0.005
1071,0.06,0.02,0.04,0.015,0.825,0.03,0.01
1072,0.05666666666666667,0.1,0.04333333333333333,0.025,0.715,0.035,0.025
1073,0.05,0.025,0.02,0.005,0.89,0.005,0.005
1074,0.075,0.015,0.025,0.01,0.86,0.005,0.01
1075,0.095,0.025,0.01,0.0,0.86,0.0,0.01
1076,0.32,0.08,0.28,0.14,0.07,0.025,0.085
1077,0.0175,0.725,0.0525,0.13,0.025,0.025,0.025
1078,0.04,0.815,0.045,0.01,0.03,0.045,0.015
1079,0.025,0.77,0.015,0.025,0.14,0.005,0.02
1080,0.085,0.655,0.075,0.05,0.03,0.035,0.07
1081,0.025,0.83,0.005,0.01,0.1,0.02,0.01
1082,0.775,0.01,0.05,0.01,0.07,0.045,0.04
1083,0.8,0.02,0.105,0.0,0.04,0.01,0.025
1084,0.7525,0.01,0.0725,0.04166666666666667,0.04,0.04833333333333334,0.035
1085,0.085,0.105,0.22,0.31,0.095,0.09,0.095
1086,0.725,0.005,0.195,0.005,0.03,0.0,0.04
1087,0.905,0.005,0.025,0.025,0.02,0.01,0.01
1088,0.92,0.02,0.005,0.01,0.015,0.01,0.02
1089,0.915,0.0,0.03,0.0,0.04,0.005,0.01
1090,0.97,0.005,0.0,0.0,0.005,0.01,0.01
1091,0.97,0.005,0.0,0.0,0.005,0.01,0.01
1092,0.875,0.01,0.005,0.025,0.03,0.04,0.015
1093,0.79,0.015,0.03,0.005,0.06,0.02,0.08
1094,0.84,0.04,0.04,0.02,0.025,0.02,0.015
1095,0.8,0.05,0.06,0.01,0.065,0.01,0.005
1096,0.65,0.105,0.075,0.02,0.03,0.065,0.055
1097,0.025,0.015,0.085,0.02,0.0,0.02,0.835
1098,0.026428571428571426,0.02,0.02857142857142857,0.0,0.01,0.025,0.89
1099,0.085,0.065,0.03,0.015,0.015,0.085,0.705
1100,0.1,0.02,0.04,0.005,0.035,0.005,0.795
1101,0.02,0.01,0.065,0.01,0.005,0.0175,0.8725
1102,0.005,0.005,0.02,0.005,0.015,0.935,0.015
1103,0.02,0.06,0.035,0.785,0.0,0.07,0.03
1104,0.04675,0.13824999999999998,0.055,0.655,0.025,0.01,0.07
1105,0.24,0.025,0.04,0.63,0.025,0.02,0.02
1106,0.015,0.02,0.01,0.005,0.93,0.01,0.01
1107,0.3,0.105,0.04,0.02,0.495,0.01,0.03
1108,0.03,0.01,0.005,0.005,0.94,0.005,0.005
1109,0.04,0.01,0.02,0.01,0.875,0.035,0.01
1110,0.045,0.02,0.0,0.0,0.93,0.005,0.0
1111,0.05,0.03,0.015,0.01,0.88,0.01,0.005
1112,0.015,0.02,0.01,0.005,0.93,0.01,0.01
1113,0.115,0.75,0.04,0.02,0.07,0.005,0.0
1114,0.04,0.755,0.105,0.05,0.01,0.02,0.02
1115,0.045,0.88,0.005,0.025,0.02,0.015,0.01
1116,0.02,0.895,0.045,0.015,0.0,0.02,0.005
1117,0.01,0.87,0.02,0.02,0.01,0.055,0.015
1118,0.06,0.85,0.025,0.005,0.03,0.015,0.015
1119,0.08,0.705,0.065,0.02,0.065,0.03,0.035
1120,0.035,0.895,0.015,0.02,0.0,0.02,0.015
1121,0.03666666666666667,0.8783333333333333,0.035,0.02,0.01,0.01,0.01
1122,0.84,0.015,0.035,0.05,0.045,0.01,0.005
1123,0.855,0.015,0.02,0.005,0.07,0.02,0.015
1124,0.89,0.015,0.03,0.0,0.03,0.015,0.02
1125,0.75,0.025,0.01,0.035,0.115,0.06,0.005
1126,0.75,0.025,0.01,0.035,0.115,0.06,0.005
1127,0.845,0.015,0.04,0.03,0.04,0.02,0.01
1128,0.86,0.03,0.03,0.0,0.035,0.02,0.025
1129,0.8175,0.04,0.0675,0.005,0.025,0.015,0.03
1130,0.705,0.06,0.14,0.015,0.05,0.015,0.015
1131,0.73,0.115,0.065,0.02,0.035,0.02,0.015
1132,0.795,0.035,0.055,0.025,0.055,0.005,0.03
1133,0.925,0.01,0.055,0.0,0.005,0.0,0.005
1134,0.84,0.01,0.095,0.03,0.01,0.0,0.015
1135,0.7425,0.075,0.0875,0.045,0.01,0.025,0.015
1136,0.72,0.03,0.06,0.065,0.025,0.05,0.05
1137,0.50375,0.08,0.24625,0.03,0.085,0.045,0.01
1138,0.825,0.02,0.035,0.025,0.085,0.0,0.01
1139,0.79,0.05,0.04,0.04,0.04,0.025,0.015
1140,0.825,0.01,0.08,0.0,0.035,0.01,0.04
1141,0.04375,0.055,0.03625,0.036111111111111115,0.03,0.685,0.11388888888888889
1142,0.0575,0.035,0.8375,0.005,0.015,0.015,0.035
1143,0.1,0.03,0.13,0.025,0.255,0.045,0.415
1144,0.0375,0.01,0.7275,0.025,0.025,0.0375,0.1375
1145,0.03,0.06,0.72,0.115,0.015,0.0275,0.0325
1146,0.23,0.015,0.04,0.64,0.06,0.0,0.015
1147,0.055,0.04,0.005,0.02,0.81,0.03,0.04
1148,0.495,0.025,0.08,0.01,0.365,0.01,0.015
1149,0.105,0.01,0.045,0.02,0.665,0.05,0.105
1150,0.1375,0.04,0.0425,0.005,0.735,0.02,0.02
1151,0.14,0.065,0.02,0.02,0.675,0.055,0.025
1152,0.0725,0.075,0.2225,0.057999999999999996,0.29,0.162,0.12
1153,0.1075,0.04,0.0675,0.045,0.5,0.105,0.135
1154,0.06,0.045,0.01,0.01,0.805,0.045,0.025
1155,0.04,0.925,0.005,0.02,0.005,0.005,0.0
1156,0.03,0.92,0.015,0.025,0.0,0.01,0.0
1157,0.02,0.915,0.02,0.0175,0.01,0.0075,0.01
1158,0.725,0.09,0.065,0.035,0.06,0.015,0.01
1159,0.7533333333333333,0.095,0.056666666666666664,0.04,0.04,0.005,0.01
1160,0.855,0.05,0.055,0.01,0.02,0.0,0.01
1161,0.8,0.045,0.03,0.02,0.08,0.015,0.01
1162,0.865,0.035,0.06,0.01,0.01,0.015,0.005
1163,0.76,0.05,0.035,0.02,0.095,0.03,0.01
1164,0.49708333333333327,0.12,0.1379166666666667,0.065,0.135,0.03,0.015
1165,0.515,0.07,0.165,0.06,0.11,0.005,0.075
1166,0.87,0.01,0.06,0.015,0.005,0.005,0.035
1167,0.91,0.015,0.02,0.01,0.025,0.015,0.005
1168,0.89,0.005,0.025,0.005,0.05,0.01,0.015
1169,0.885,0.015,0.015,0.025,0.03,0.01,0.02
1170,0.82,0.025,0.045,0.025,0.05,0.02,0.015
1171,0.7,0.05,0.11,0.02,0.005,0.045,0.07
1172,0.6166666666666667,0.02,0.30333333333333334,0.0,0.01,0.02,0.03
1173,0.013333333333333332,0.01,0.026666666666666665,0.005,0.005,0.019166666666666665,0.9208333333333334
1174,0.035,0.005,0.005,0.015,0.18,0.025,0.735
1175,0.015,0.025,0.05,0.025,0.01,0.06166666666666666,0.8133333333333332
1176,0.035,0.005,0.005,0.015,0.18,0.025,0.735
1177,0.02,0.025,0.025,0.005,0.04,0.10166666666666666,0.7833333333333334
1178,0.095,0.015,0.13,0.015,0.03,0.0,0.715
1179,0.145,0.1,0.36,0.0575,0.1,0.1625,0.075
1180,0.015,0.05,0.045,0.02,0.01,0.735,0.125
1181,0.01,0.245,0.015,0.055,0.02,0.645,0.01
1182,0.005,0.045,0.065,0.115,0.0,0.745,0.025
1183,0.055,0.165,0.065,0.015,0.03,0.655,0.015
1184,0.01,0.015,0.08,0.175,0.02,0.69,0.01
1185,0.06,0.015,0.125,0.065,0.01,0.705,0.02
1186,0.12625,0.005,0.77375,0.015,0.02,0.015,0.045
1187,0.7566666666666666,0.035,0.07833333333333332,0.045,0.015,0.015,0.055
1188,0.105,0.02,0.825,0.01,0.02,0.01,0.01
1189,0.13,0.065,0.69,0.02,0.065,0.005,0.025
1190,0.025,0.035,0.725,0.07,0.035,0.075,0.035
1191,0.015,0.005,0.765,0.05,0.03,0.075,0.06
1192,0.42,0.06,0.225,0.025,0.05,0.06666666666666667,0.15333333333333335
1193,0.08,0.06,0.725,0.0325,0.04,0.0475,0.015
1194,0.04,0.13,0.7,0.03,0.035,0.025,0.04
1195,0.07,0.07,0.155,0.655,0.02,0.015,0.015
1196,0.01,0.025,0.01,0.005,0.905,0.02,0.025
1197,0.075,0.02,0.02,0.0175,0.73,0.0875,0.05
1198,0.035,0.015,0.03,0.0,0.895,0.02,0.005
1199,0.13,0.035,0.055,0.005,0.71,0.035,0.03
1200,0.035,0.01,0.015,0.0,0.92,0.01,0.01
1201,0.005,0.0,0.005,0.0,0.965,0.01,0.015
1202,0.085,0.07,0.075,0.045,0.69,0.03,0.005
1203,0.03,0.005,0.01,0.0,0.925,0.02,0.01
1204,0.07,0.01,0.02,0.005,0.87,0.01,0.015
1205,0.255,0.03,0.035,0.005,0.65,0.01,0.015
1206,0.06,0.015,0.01,0.01,0.875,0.015,0.015
1207,0.015,0.015,0.005,0.0,0.945,0.005,0.015
1208,0.05,0.005,0.015,0.015,0.88,0.005,0.03
1209,0.04,0.005,0.03,0.01,0.815,0.025,0.075
1210,0.02,0.015,0.01,0.015,0.92,0.01,0.01
1211,0.005,0.005,0.0,0.0,0.985,0.0,0.005
1212,0.105,0.0,0.03,0.01,0.83,0.01,0.015
1213,0.145,0.685,0.08,0.01,0.06,0.005,0.015
1214,0.005,0.955,0.01,0.015,0.0,0.015,0.0
1215,0.035,0.805,0.025,0.065,0.045,0.025,0.0
1216,0.09,0.495,0.065,0.045,0.06,0.134,0.111
1217,0.05,0.81,0.015,0.01,0.05,0.06,0.005
1218,0.07,0.46,0.1,0.165,0.04,0.075,0.09
1219,0.06,0.68,0.105,0.03,0.035,0.065,0.025
1220,0.03,0.895,0.005,0.01,0.035,0.01,0.015
1221,0.05,0.74,0.075,0.03,0.03,0.035,0.04
1222,0.875,0.02,0.06,0.005,0.015,0.02,0.005
1223,0.7875,0.015,0.1125,0.015,0.015,0.01,0.045
1224,0.85,0.05,0.03,0.025,0.02,0.025,0.0
1225,0.7566666666666666,0.035,0.07833333333333332,0.045,0.015,0.015,0.055
1226,0.875,0.005,0.035,0.015,0.04,0.02,0.01
1227,0.72,0.065,0.1,0.035,0.045,0.01,0.025
1228,0.85,0.02,0.025,0.025,0.055,0.025,0.0
1229,0.755,0.165,0.055,0.01,0.005,0.01,0.0
1230,0.79,0.065,0.03,0.015,0.04,0.02,0.04
1231,0.86,0.0,0.03,0.02,0.05,0.02,0.02
1232,0.10675000000000001,0.015,0.23825,0.035,0.04,0.035333333333333335,0.5296666666666666
1233,0.73,0.01,0.01,0.015,0.19,0.04,0.005
1234,0.73,0.075,0.045,0.02,0.065,0.04,0.025
1235,0.71,0.015,0.055,0.02,0.085,0.035,0.08
1236,0.755,0.03,0.095,0.04,0.0,0.0225,0.0575
1237,0.3725,0.09,0.0525,0.05,0.38,0.04,0.015
1238,0.715,0.015,0.045,0.04,0.13,0.02,0.035
1239,0.705,0.025,0.08,0.07,0.03,0.0225,0.0675
1240,0.3575,0.16,0.1525,0.03,0.06,0.14,0.1
1241,0.06125,0.035,0.16375,0.045,0.035,0.035,0.625
1242,0.01,0.02,0.075,0.025,0.01,0.025,0.835
1243,0.22,0.07,0.18,0.16,0.04,0.125,0.205
1244,0.075,0.015,0.075,0.075,0.01,0.74,0.01
1245,0.065,0.01,0.02,0.4149583333333334,0.035,0.4500416666666667,0.005
1246,0.165,0.09,0.645,0.02,0.005,0.04,0.035
1247,0.31,0.255,0.185,0.04,0.105,0.025,0.08
1248,0.46678571428571436,0.0,0.4832142857142857,0.006666666666666666,0.0,0.005,0.03833333333333334
1249,0.185,0.07,0.35,0.158,0.05,0.087,0.1
1250,0.01,0.005,0.015,0.945,0.01,0.0,0.015
1251,0.065,0.01,0.02,0.4149583333333334,0.035,0.4500416666666667,0.005
1252,0.115,0.12,0.025,0.02,0.615,0.045,0.06
1253,0.06,0.02,0.01,0.005,0.835,0.01,0.06
1254,0.125,0.025,0.015,0.01,0.805,0.02,0.0
1255,0.045,0.045,0.04,0.005,0.83,0.025,0.01
1256,0.035,0.01,0.015,0.0,0.93,0.01,0.0
1257,0.105,0.835,0.01,0.015,0.025,0.005,0.005
1258,0.02,0.96,0.0,0.005,0.01,0.0,0.005
1259,0.005,0.945,0.015,0.0,0.01,0.01,0.015
1260,0.01,0.785,0.055,0.02,0.005,0.08,0.045
1261,0.04,0.815,0.05,0.035,0.01,0.03,0.02
1262,0.01,0.975,0.0,0.0,0.005,0.01,0.0
1263,0.015,0.915,0.015,0.005,0.02,0.01,0.02
1264,0.005,0.965,0.01,0.0,0.0,0.02,0.0
1265,0.045,0.785,0.06,0.05,0.01,0.03,0.02
1266,0.025,0.935,0.015,0.01,0.005,0.01,0.0
1267,0.295,0.17,0.25,0.025,0.12,0.07,0.07
1268,0.815,0.03,0.035,0.03,0.075,0.015,0.0
1269,0.46678571428571436,0.0,0.4832142857142857,0.006666666666666666,0.0,0.005,0.03833333333333334
1270,0.71,0.045,0.07,0.035,0.05,0.045,0.045
1271,0.805,0.015,0.015,0.005,0.115,0.0,0.045
1272,0.74,0.01,0.135,0.025,0.06,0.005,0.025
1273,0.8,0.015,0.075,0.01,0.07,0.015,0.015
1274,0.925,0.005,0.035,0.0,0.02,0.0,0.015
1275,0.35,0.035,0.27,0.035,0.065,0.10666666666666666,0.13833333333333334
1276,0.83,0.055,0.035,0.025,0.01,0.02,0.025
1277,0.295,0.145,0.125,0.06,0.195,0.08,0.1
1278,0.82,0.02,0.025,0.065,0.05,0.015,0.005
1279,0.91,0.0,0.05,0.0,0.01,0.01,0.02
1280,0.9,0.04,0.04,0.0075,0.0,0.0125,0.0
1281,0.01,0.065,0.69,0.0575,0.03,0.09,0.0575
1282,0.105,0.025,0.04,0.01,0.785,0.02,0.015
1283,0.075,0.03,0.09,0.03,0.695,0.02,0.06
1284,0.285,0.495,0.03,0.06,0.09,0.025,0.015
1285,0.81,0.055,0.035,0.02,0.025,0.02,0.035
1286,0.825,0.05,0.05,0.03,0.03,0.0,0.015
1287,0.54,0.04,0.195,0.015,0.04,0.0925,0.0775
1288,0.855,0.01,0.035,0.005,0.07,0.0,0.025
1289,0.035,0.02,0.09,0.01875,0.005,0.055,0.77625
1290,0.075,0.075,0.055,0.025,0.075,0.645,0.05
1291,0.03,0.005,0.035,0.0175,0.165,0.7175,0.03
1292,0.095,0.09,0.095,0.051,0.035,0.605,0.028999999999999998
1293,0.06,0.055,0.15,0.12,0.055,0.265,0.295
1294,0.74,0.015,0.08,0.03,0.055,0.05,0.03
1295,0.065,0.33,0.08,0.3275,0.02,0.1,0.0775
1296,0.11,0.29,0.09,0.275,0.02,0.165,0.05
1297,0.015,0.035,0.04,0.75,0.02,0.065,0.075
1298,0.045,0.085,0.015,0.78,0.035,0.03,0.01
1299,0.12,0.0,0.02,0.005,0.82,0.015,0.02
1300,0.015,0.01,0.02,0.0,0.915,0.015,0.025
1301,0.115,0.005,0.025,0.005,0.82,0.015,0.015
1302,0.07,0.01,0.015,0.005,0.885,0.01,0.005
1303,0.15,0.77,0.04,0.015,0.01,0.01,0.005
1304,0.04,0.74,0.105,0.005,0.05,0.01,0.05
1305,0.7275,0.04,0.0725,0.015,0.09,0.02,0.035
1306,0.75,0.01,0.035,0.095,0.06,0.015,0.035
1307,0.95,0.01,0.005,0.005,0.03,0.0,0.0
1308,0.595,0.065,0.035,0.035,0.2,0.03,0.04
1309,0.71,0.01,0.005,0.015,0.22,0.025,0.015
1310,0.6825,0.035,0.0925,0.005,0.115,0.005,0.065
1311,0.785,0.08,0.03,0.01,0.035,0.05,0.01
1312,0.72,0.05,0.055,0.04,0.065,0.045,0.025
1313,0.895,0.0,0.045,0.015,0.03,0.0,0.015
1314,0.83,0.03,0.025,0.045,0.03,0.01,0.03
1315,0.78,0.03,0.07,0.02,0.055,0.02,0.025
1316,0.74,0.115,0.03,0.015,0.02,0.055,0.025
1317,0.84,0.0,0.02,0.005,0.135,0.0,0.0
1318,0.7,0.045,0.125,0.015,0.04,0.01,0.065
1319,0.815,0.035,0.015,0.03,0.075,0.02,0.01
1320,0.9,0.01,0.02,0.005,0.03,0.015,0.02
1321,0.805,0.03,0.02,0.01,0.13,0.0,0.005
1322,0.95375,0.0,0.00625,0.005,0.025,0.0,0.01
1323,0.02,0.01,0.02,0.46061111111111097,0.005,0.005,0.47938888888888903
1324,0.025,0.005,0.08,0.035,0.025,0.04,0.79
1325,0.125,0.0,0.075,0.02,0.005,0.015,0.76
1326,0.0,0.01,0.035,0.005,0.01,0.03166666666666666,0.9083333333333334
1327,0.015,0.03,0.05,0.0175,0.015,0.065,0.8075
1328,0.12,0.025,0.11,0.015,0.025,0.045,0.66
1329,0.015,0.03,0.015,0.02,0.01,0.7675,0.1425
1330,0.175,0.15,0.085,0.12958333333333333,0.27,0.12041666666666666,0.07
1331,0.045,0.12,0.05,0.015,0.06,0.685,0.025
1332,0.005,0.01,0.0,0.1,0.01,0.855,0.02
1333,0.035,0.045,0.775,0.015,0.025,0.025,0.08
1334,0.06,0.015,0.89,0.0,0.005,0.02,0.01
1335,0.075,0.055,0.64,0.065,0.0,0.095,0.07
1336,0.07,0.015,0.865,0.01,0.02,0.02,0.0
1337,0.48791666666666667,0.02,0.4520833333333333,0.005,0.0,0.015,0.02
1338,0.45333333333333337,0.021666666666666664,0.325,0.06,0.07,0.005,0.065
1339,0.06,0.015,0.89,0.0,0.005,0.02,0.01
1340,0.08208333333333333,0.03,0.7229166666666665,0.04,0.0,0.03,0.095
1341,0.045,0.0,0.87,0.02,0.005,0.015,0.045
1342,0.135,0.04,0.665,0.03,0.12,0.005,0.005
1343,0.015,0.045,0.085,0.805,0.005,0.0175,0.0275
1344,0.0175,0.05,0.0325,0.79,0.005,0.07,0.035
1345,0.02,0.01,0.02,0.46061111111111097,0.005,0.005,0.47938888888888903
1346,0.195,0.075,0.025,0.635,0.05,0.01,0.01
1347,0.035,0.065,0.085,0.75,0.005,0.045,0.015
1348,0.02,0.895,0.025,0.035,0.01,0.005,0.01
1349,0.015,0.915,0.03,0.01,0.02,0.01,0.0
1350,0.03,0.855,0.01,0.035,0.035,0.03,0.005
1351,0.015,0.915,0.03,0.01,0.02,0.01,0.0
1352,0.42574999999999996,0.48925000000000013,0.035,0.03,0.02,0.0,0.0
1353,0.065,0.755,0.0,0.045,0.1,0.03,0.005
1354,0.1,0.66,0.075,0.01,0.06,0.04,0.055
1355,0.025,0.875,0.02,0.03,0.01,0.035,0.005
1356,0.095,0.375,0.135,0.085,0.055,0.075,0.18
1357,0.735,0.015,0.03,0.0,0.185,0.025,0.01
1358,0.395,0.095,0.115,0.07285714285714286,0.195,0.037142857142857144,0.09
1359,0.715,0.005,0.07,0.02,0.08,0.085,0.025
1360,0.925,0.01,0.01,0.005,0.045,0.0,0.005
1361,0.755,0.025,0.035,0.021666666666666664,0.135,0.018333333333333333,0.01
1362,0.48791666666666667,0.02,0.4520833333333333,0.005,0.0,0.015,0.02
1363,0.775,0.07,0.04,0.005,0.07,0.025,0.015
1364,0.86,0.025,0.015,0.005,0.08,0.0,0.015
1365,0.44,0.035,0.115,0.013333333333333332,0.165,0.14666666666666667,0.085
1366,0.675,0.09,0.01,0.005,0.21,0.0,0.01
1367,0.59,0.06,0.065,0.06,0.15,0.05,0.025
1368,0.765,0.055,0.1,0.015,0.02,0.035,0.01
1369,0.715,0.015,0.08,0.08,0.055,0.005,0.05
1370,0.3133333333333333,0.016666666666666666,0.36,0.055,0.165,0.0,0.09
1371,0.64,0.01,0.025,0.0,0.01,0.0225,0.2925
1372,0.815,0.025,0.06,0.015,0.04,0.035,0.01
1373,0.865,0.025,0.025,0.02,0.02,0.02,0.025
1374,0.42574999999999996,0.48925000000000013,0.035,0.03,0.02,0.0,0.0
1375,0.9,0.02,0.02,0.015,0.025,0.0,0.02
1376,0.56,0.105,0.085,0.08,0.11,0.03,0.03
1377,0.03,0.32,0.05,0.05,0.025,0.06,0.465
1378,0.15,0.13,0.125,0.095,0.085,0.125,0.29
1379,0.06,0.03,0.01,0.01,0.03,0.03,0.83
1380,0.01,0.015,0.075,0.055,0.065,0.075,0.705
1381,0.073,0.01,0.092,0.04,0.06,0.05,0.675
1382,0.055,0.025,0.105,0.76,0.015,0.035,0.005
1383,0.02,0.05,0.08,0.7,0.005,0.095,0.05
1384,0.05833333333333333,0.005,0.1416666666666667,0.635,0.03,0.065,0.065
1385,0.015,0.025,0.015,0.05,0.835,0.03,0.03
1386,0.04,0.05,0.04,0.01625,0.805,0.01375,0.035
1387,0.065,0.025,0.045,0.005,0.83,0.015,0.015
1388,0.09,0.01,0.02,0.0,0.79,0.06,0.03
1389,0.05,0.01,0.035,0.0,0.86,0.015,0.03
1390,0.11916666666666668,0.66,0.08583333333333332,0.04,0.06,0.015,0.02
1391,0.03,0.865,0.03,0.035,0.005,0.015,0.02
1392,0.025,0.725,0.04,0.01,0.045,0.055,0.1
1393,0.03,0.93,0.015,0.01,0.0,0.015,0.0
1394,0.215,0.295,0.12,0.06,0.035,0.155,0.12
1395,0.02,0.86,0.045,0.025,0.015,0.03,0.005
1396,0.085,0.735,0.04,0.05,0.06,0.025,0.005
1397,0.095,0.815,0.05,0.01,0.03,0.0,0.0
1398,0.03,0.865,0.02,0.025,0.01,0.035,0.015
1399,0.355,0.4,0.055,0.035,0.115,0.025,0.015
1400,0.04,0.64,0.07,0.16375,0.005,0.03125,0.05
1401,0.75,0.06,0.065,0.005,0.09,0.02,0.01
1402,0.915,0.005,0.005,0.0,0.07,0.005,0.0
1403,0.645,0.075,0.145,0.025,0.035,0.045,0.03
1404,0.5,0.045,0.1,0.04,0.205,0.055,0.055
1405,0.61,0.075,0.035,0.015,0.155,0.08,0.03
1406,0.64,0.045,0.11,0.01,0.14,0.02,0.035
1407,0.73,0.04,0.025,0.11,0.055,0.015,0.025
1408,0.765,0.02,0.18,0.0,0.01,0.005,0.02
1409,0.905,0.01,0.03,0.005,0.045,0.005,0.0
1410,0.865,0.025,0.055,0.01,0.025,0.015,0.005
1411,0.86,0.055,0.02,0.025,0.02,0.015,0.005
1412,0.825,0.035,0.05,0.01,0.045,0.02,0.015
1413,0.955,0.01,0.01,0.005,0.005,0.01,0.005
1414,0.955,0.01,0.01,0.005,0.005,0.01,0.005
1415,0.38125,0.035,0.16875,0.02,0.345,0.025,0.025
1416,0.89,0.025,0.03,0.01,0.04,0.0,0.005
1417,0.7725,0.04,0.1175,0.005,0.045,0.005,0.015
1418,0.83,0.065,0.025,0.015,0.04,0.025,0.0
1419,0.38,0.175,0.15,0.03,0.145,0.065,0.055
1420,0.09,0.005,0.04,0.015,0.015,0.025,0.81
1421,0.005,0.0,0.025,0.01,0.0,0.077,0.883
1422,0.4667142857142859,0.0,0.44328571428571406,0.0,0.0,0.01,0.08
1423,0.055,0.02,0.675,0.075,0.045,0.085,0.045
1424,0.41408333333333325,0.005,0.4959166666666668,0.015,0.005,0.035,0.03
1425,0.19,0.015,0.66,0.035,0.08,0.005,0.015
1426,0.075,0.095,0.055,0.665,0.015,0.055,0.04
1427,0.03,0.015,0.01,0.005,0.915,0.01,0.015
1428,0.095,0.015,0.02,0.015,0.83,0.005,0.02
1429,0.08,0.025,0.035,0.0,0.835,0.01,0.015
1430,0.07,0.79,0.055,0.01,0.01,0.05,0.015
1431,0.105,0.715,0.065,0.025,0.065,0.01,0.015
1432,0.01,0.88,0.045,0.025,0.005,0.03,0.005
1433,0.41408333333333325,0.005,0.4959166666666668,0.015,0.005,0.035,0.03
1434,0.79,0.015,0.06,0.03,0.02,0.045,0.04
1435,0.84,0.03,0.04,0.03,0.035,0.01,0.015
1436,0.4667142857142859,0.0,0.44328571428571406,0.0,0.0,0.01,0.08
1437,0.785,0.07,0.05,0.03,0.0,0.005,0.06
1438,0.98,0.0,0.01,0.005,0.0,0.0,0.005
1439,0.85,0.02,0.055,0.0,0.05,0.0,0.025
1440,0.24,0.01,0.235,0.0775,0.075,0.06,0.3025
1441,0.075,0.025,0.025,0.0225,0.205,0.0225,0.625
1442,0.01,0.005,0.035,0.055,0.015,0.045,0.835
1443,0.06,0.015,0.17,0.085,0.01,0.055,0.605
1444,0.03,0.045,0.14,0.065,0.03,0.245,0.445
1445,0.03,0.035,0.115,0.01,0.02,0.0125,0.7775
1446,0.02,0.03,0.04,0.005,0.01,0.16,0.735
1447,0.045,0.08,0.04,0.015,0.045,0.065,0.71
1448,0.03,0.01,0.04,0.015,0.005,0.01,0.89
1449,0.145,0.005,0.055,0.0,0.03,0.04,0.725
1450,0.06,0.03,0.045,0.015,0.03,0.005,0.815
1451,0.025,0.02,0.035,0.005,0.025,0.03,0.86
1452,0.05,0.1,0.1,0.03,0.015,0.07,0.635
1453,0.015,0.005,0.04,0.01,0.005,0.03125,0.89375
1454,0.035,0.02,0.025,0.095,0.005,0.765,0.055
1455,0.025,0.21,0.12,0.215,0.01,0.375,0.045
1456,0.045,0.025,0.075,0.01,0.02,0.69,0.135
1457,0.005,0.02,0.005,0.09,0.015,0.85,0.015
1458,0.005,0.005,0.04,0.03,0.045,0.83,0.045
1459,0.02,0.015,0.025,0.02,0.05,0.715,0.155
1460,0.04833333333333333,0.04,0.04166666666666666,0.075,0.005,0.77,0.02
1461,0.0,0.0,0.0,0.0,0.0,0.99,0.01
1462,0.03,0.18,0.68,0.025,0.05,0.015,0.02
1463,0.13,0.095,0.26,0.08800000000000001,0.02,0.252,0.155
1464,0.12,0.005,0.68,0.015,0.035,0.03,0.115
1465,0.085,0.08,0.78,0.013333333333333332,0.015,0.018333333333333333,0.008333333333333333
1466,0.185,0.03,0.72,0.005,0.025,0.005,0.03
1467,0.055,0.01,0.68,0.02,0.025,0.11,0.1
1468,0.045,0.025,0.755,0.01,0.1,0.03,0.035
1469,0.03666666666666667,0.135,0.7233333333333334,0.035,0.015,0.04,0.015
1470,0.075,0.005,0.85,0.015,0.01,0.02,0.025
1471,0.07416666666666667,0.04,0.7658333333333335,0.055,0.015,0.035,0.015
1472,0.445,0.13,0.085,0.06,0.145,0.095,0.04
1473,0.015,0.02,0.1,0.78,0.0,0.035,0.05
1474,0.015,0.01,0.05,0.715,0.01,0.145,0.055
1475,0.01,0.005,0.055,0.665,0.0,0.02,0.245
1476,0.01,0.0,0.03,0.685,0.005,0.035833333333333335,0.2341666666666667
1477,0.03,0.045,0.025,0.83,0.035,0.025,0.01
1478,0.09,0.1,0.06,0.39,0.13,0.18,0.05
1479,0.03857142857142857,0.025,0.20642857142857143,0.645,0.005,0.02,0.06
1480,0.38666666666666666,0.115,0.08833333333333332,0.095,0.19,0.08,0.045
1481,0.08,0.44,0.135,0.068,0.015,0.14,0.122
1482,0.015,0.03,0.06,0.725,0.02,0.11,0.04
1483,0.385,0.065,0.07,0.305,0.045,0.115,0.015
1484,0.005,0.02,0.025,0.03,0.845,0.035,0.04
1485,0.01,0.005,0.005,0.0,0.945,0.02,0.015
1486,0.06,0.03,0.02,0.0175,0.77,0.0425,0.06
1487,0.01,0.03,0.075,0.005,0.67,0.035,0.175
1488,0.005,0.005,0.035,0.01,0.9,0.01,0.035
1489,0.0,0.005,0.0,0.0,0.995,0.0,0.0
1490,0.15166666666666667,0.35,0.12333333333333334,0.085,0.06,0.035,0.195
1491,0.025,0.71,0.025,0.10300000000000001,0.015,0.06,0.062
1492,0.005,0.965,0.0,0.005,0.02,0.0,0.005
1493,0.765,0.035,0.025,0.035,0.085,0.02,0.035
1494,0.705,0.025,0.115,0.03,0.095,0.015,0.015
1495,0.87,0.04,0.02,0.0,0.05,0.01,0.01
1496,0.91,0.0,0.035,0.015,0.01,0.015,0.015
1497,0.75,0.04,0.01,0.025,0.13,0.01,0.035
1498,0.715,0.06,0.035,0.02,0.115,0.025,0.03
1499,0.745,0.03,0.135,0.02,0.035,0.005,0.03
1500,0.665,0.025,0.05,0.005,0.13,0.075,0.05
1501,0.905,0.02,0.03,0.025,0.015,0.005,0.0
1502,0.805,0.04,0.035,0.045,0.045,0.01,0.02
1503,0.715,0.07,0.01,0.03,0.105,0.005,0.065
1504,0.73,0.015,0.08,0.0,0.08,0.02125,0.07375
1505,0.635,0.065,0.06,0.07,0.1,0.015,0.055
1506,0.57,0.07,0.08,0.015,0.185,0.045,0.035
1507,0.175,0.045,0.13,0.06583333333333333,0.225,0.13166666666666665,0.2275
1508,0.025,0.015,0.025,0.005,0.045,0.0325,0.8525
1509,0.0,0.0,0.02,0.025,0.01,0.05,0.895
1510,0.105,0.02,0.075,0.03,0.03,0.71,0.03
1511,0.07,0.135,0.025,0.065,0.055,0.635,0.015
1512,0.01,0.005,0.06,0.013333333333333332,0.02,0.7816666666666666,0.11
1513,0.04,0.01,0.025,0.035,0.085,0.73,0.075
1514,0.05,0.065,0.035,0.02166666666666667,0.085,0.6733333333333333,0.07
1515,0.04,0.055,0.015,0.05,0.03,0.765,0.045
1516,0.03,0.015,0.705,0.155,0.015,0.03,0.05
1517,0.14,0.05,0.71,0.025,0.055,0.005,0.015
1518,0.525,0.03,0.155,0.04833333333333333,0.17,0.01,0.06166666666666667
1519,0.1,0.025,0.715,0.005,0.025,0.03,0.1
1520,0.135,0.02,0.775,0.015,0.02,0.025,0.01
1521,0.055,0.045,0.76,0.06,0.01,0.03,0.04
1522,0.055,0.01,0.7,0.01,0.165,0.015,0.045
1523,0.03,0.02,0.725,0.03,0.025,0.055,0.115
1524,0.05166666666666666,0.025,0.8533333333333333,0.015,0.015,0.025,0.015
1525,0.0,0.02,0.665,0.07,0.035,0.045,0.165
1526,0.045,0.225,0.49,0.06,0.03,0.06,0.09
1527,0.1,0.005,0.685,0.02,0.02,0.05,0.12
1528,0.045,0.03,0.045,0.805,0.005,0.04,0.03
1529,0.025,0.015,0.095,0.785,0.005,0.05,0.025
1530,0.05,0.04,0.075,0.72,0.025,0.08,0.01
1531,0.055,0.18,0.045,0.66,0.02,0.03,0.01
1532,0.025,0.0,0.005,0.01,0.94,0.015,0.005
1533,0.055,0.03,0.01,0.005,0.865,0.02,0.015
1534,0.035,0.08,0.025,0.10833333333333332,0.73,0.016666666666666666,0.005
1535,0.065,0.055,0.11,0.05,0.4,0.20199999999999999,0.11800000000000001
1536,0.02,0.03,0.03,0.005,0.91,0.0,0.005
1537,0.1,0.025,0.055,0.005,0.705,0.08,0.03
1538,0.205,0.145,0.055,0.025,0.405,0.11,0.055
1539,0.08,0.035,0.025,0.01,0.81,0.03,0.01
1540,0.145,0.78,0.035,0.02,0.0,0.01,0.01
1541,0.115,0.45,0.065,0.025,0.08,0.09083333333333332,0.17416666666666664
1542,0.05,0.875,0.025,0.02,0.025,0.005,0.0
1543,0.04,0.745,0.06,0.05,0.015,0.075,0.015
1544,0.08,0.825,0.03,0.045,0.01,0.005,0.005
1545,0.205,0.24,0.135,0.07166666666666667,0.065,0.22333333333333333,0.06
1546,0.035,0.785,0.035,0.075,0.04,0.015,0.015
1547,0.695,0.21,0.025,0.015,0.005,0.04,0.01
1548,0.76,0.02,0.015,0.005,0.17,0.025,0.005
1549,0.3291666666666667,0.14,0.22583333333333333,0.085,0.045,0.12,0.055
1550,0.93,0.0,0.02,0.0,0.025,0.015,0.01
1551,0.87,0.015,0.055,0.0,0.03,0.02,0.01
1552,0.94,0.02,0.025,0.005,0.005,0.0,0.005
1553,0.735,0.08,0.145,0.005,0.025,0.0,0.01
1554,0.94,0.02,0.025,0.005,0.005,0.0,0.005
1555,0.7035714285714286,0.03,0.026428571428571426,0.02,0.115,0.065,0.04
1556,0.69,0.005,0.065,0.02,0.19,0.01,0.02
1557,0.84,0.05,0.045,0.005,0.035,0.025,0.0
1558,0.78,0.055,0.095,0.015,0.025,0.01,0.02
1559,0.87,0.015,0.055,0.0,0.03,0.02,0.01
1560,0.78,0.055,0.095,0.015,0.025,0.01,0.02
1561,0.83,0.01,0.0,0.0,0.145,0.01,0.005
1562,0.78,0.08,0.04,0.02,0.04,0.03,0.01
1563,0.9,0.0,0.04,0.02,0.015,0.01,0.015
1564,0.9,0.0,0.04,0.02,0.015,0.01,0.015
1565,0.745,0.045,0.045,0.01,0.11,0.035,0.01
1566,0.06333333333333332,0.025,0.026666666666666665,0.085,0.015,0.085,0.7
1567,0.01,0.01,0.0,0.01,0.94,0.015,0.015
1568,0.76,0.025,0.08,0.025,0.055,0.01,0.045
1569,0.79,0.02,0.055,0.04,0.025,0.025,0.045
1570,0.375,0.055,0.18,0.065,0.21,0.025,0.09
1571,0.735,0.04,0.025,0.015,0.165,0.01,0.01
1572,0.88,0.025,0.03,0.005,0.02,0.025,0.015
1573,0.83,0.005,0.065,0.0,0.015,0.01,0.075
1574,0.675,0.05,0.09,0.015,0.115,0.035,0.02
1575,0.73,0.035,0.07,0.04,0.04,0.025,0.06
1576,0.82,0.025,0.07,0.02,0.03,0.01,0.025
1577,0.895,0.005,0.015,0.015,0.01,0.055,0.005
1578,0.79,0.045,0.0,0.025,0.12,0.01,0.01
1579,0.235,0.08,0.24,0.06,0.065,0.2,0.12
1580,0.72,0.045,0.03,0.005,0.095,0.05,0.055
1581,0.825,0.03,0.03,0.03,0.05,0.02,0.015
1582,0.875,0.02,0.025,0.01,0.05,0.015,0.005
1583,0.84,0.035,0.03,0.005,0.065,0.01,0.015
1584,0.885,0.005,0.045,0.01,0.04,0.005,0.01
1585,0.43333333333333335,0.03666666666666667,0.315,0.06,0.05,0.015,0.09
1586,0.77,0.105,0.04,0.055,0.005,0.01,0.015
1587,0.065,0.115,0.725,0.0325,0.04,0.0225,0.0
1588,0.02,0.005,0.005,0.005,0.945,0.005,0.015
1589,0.07958333333333333,0.01,0.12541666666666665,0.0175,0.015,0.02,0.7325
1590,0.105,0.025,0.085,0.015,0.03,0.025,0.715
1591,0.01,0.085,0.09,0.005,0.01,0.08833333333333332,0.7116666666666667
1592,0.115,0.09,0.115,0.065,0.005,0.115,0.495
1593,0.01,0.02,0.665,0.04,0.015,0.05166666666666666,0.19833333333333333
1594,0.075,0.07,0.76,0.045,0.02,0.01,0.02
1595,0.23,0.03,0.02,0.015,0.595,0.05,0.06
1596,0.03,0.015,0.64,0.0125,0.0,0.04,0.2625
1597,0.115,0.035,0.675,0.02,0.105,0.04,0.01
1598,0.0725,0.0575,0.11,0.02,0.035,0.02333333333333333,0.6816666666666665
1599,0.155,0.035,0.735,0.03,0.005,0.02,0.02
1600,0.05916666666666666,0.0,0.09083333333333332,0.74,0.025,0.04,0.045
1601,0.065,0.05,0.05,0.675,0.03,0.04,0.09
1602,0.06,0.085,0.06,0.73,0.015,0.04,0.01
1603,0.0,0.0,0.0,0.0,0.995,0.0,0.005
1604,0.005,0.025,0.01,0.0,0.935,0.005,0.02
1605,0.06,0.01,0.19,0.02,0.555,0.065,0.1
1606,0.055,0.03,0.03,0.015,0.78,0.04,0.05
1607,0.085,0.07,0.03,0.035,0.735,0.025,0.02
1608,0.055,0.04,0.005,0.015,0.84,0.035,0.01
1609,0.04833333333333334,0.02166666666666667,0.02,0.005,0.64,0.07,0.195
1610,0.08,0.03,0.005,0.0,0.81,0.04,0.035
1611,0.16,0.135,0.12,0.035,0.26,0.135,0.155
1612,0.075,0.0,0.015,0.005,0.9,0.0,0.005
1613,0.045,0.715,0.06,0.055,0.035,0.08,0.01
1614,0.03,0.715,0.07,0.015,0.055,0.03333333333333333,0.08166666666666668
1615,0.015,0.935,0.01,0.005,0.005,0.025,0.005
1616,0.805,0.015,0.02,0.01,0.095,0.045,0.01
1617,0.835,0.02,0.025,0.007857142857142858,0.06,0.027142857142857146,0.025
1618,0.65,0.045,0.135,0.07,0.025,0.03,0.045
1619,0.745,0.1,0.055,0.005,0.04,0.015,0.04
1620,0.68,0.035,0.04,0.0,0.12,0.07,0.055
1621,0.375,0.07,0.105,0.09,0.195,0.1,0.065
1622,0.775,0.025,0.02,0.02,0.13,0.015,0.015
1623,0.7875,0.115,0.0525,0.01,0.03,0.0,0.005
1624,0.3725,0.205,0.1525,0.095,0.01,0.09,0.075
1625,0.72,0.04,0.145,0.06,0.005,0.005,0.025
1626,0.9,0.015,0.015,0.0,0.04,0.02,0.01
1627,0.645,0.045,0.07,0.105,0.02,0.05,0.065
1628,0.805,0.01,0.07,0.01,0.08,0.015,0.01
1629,0.735,0.04,0.015,0.0,0.155,0.045,0.01
1630,0.25,0.125,0.295,0.0925,0.15,0.0525,0.035
1631,0.085,0.025,0.79,0.02,0.0,0.03,0.05
1632,0.175,0.04,0.65,0.0175,0.065,0.0175,0.035
1633,0.06,0.025,0.67,0.025,0.125,0.03,0.065
1634,0.04,0.025,0.04,0.005,0.845,0.03,0.015
1635,0.02,0.015,0.02,0.01,0.89,0.005,0.04
1636,0.27,0.005,0.015,0.005,0.695,0.01,0.0
1637,0.02,0.01,0.045,0.005,0.88,0.03,0.01
1638,0.325,0.03,0.05,0.025,0.54,0.01,0.02
1639,0.285,0.495,0.03,0.06,0.09,0.025,0.015
1640,0.87,0.015,0.005,0.05,0.045,0.0,0.015
1641,0.88,0.01,0.01,0.03,0.04,0.025,0.005
1642,0.015,0.0,0.055,0.0175,0.01,0.025,0.8775
1643,0.065,0.015,0.025,0.015,0.05,0.025,0.805
1644,0.03,0.025,0.03,0.018333333333333333,0.01,0.12666666666666668,0.76
1645,0.0325,0.01,0.0675,0.03125,0.015,0.03375,0.81
1646,0.0525,0.02,0.0825,0.14,0.03,0.255,0.42
1647,0.02,0.0,0.05,0.01,0.01,0.0225,0.8875
1648,0.02,0.005,0.035,0.025,0.065,0.1,0.75
1649,0.01,0.005,0.08,0.015,0.005,0.0225,0.8625
1650,0.07,0.05,0.03,0.0175,0.035,0.0475,0.75
1651,0.025,0.0,0.085,0.055,0.01,0.045,0.78
1652,0.08,0.01,0.195,0.045,0.055,0.0725,0.5425
1653,0.145,0.035,0.03,0.015,0.055,0.025,0.695
1654,0.045,0.01,0.065,0.03,0.085,0.015,0.75
1655,0.03,0.015,0.02,0.025,0.075,0.735,0.1
1656,0.05,0.01,0.08,0.02,0.015,0.665,0.16
1657,0.0225,0.045,0.0225,0.02,0.015,0.785,0.09
1658,0.01,0.07,0.07,0.016,0.025,0.735,0.07400000000000001
1659,0.155,0.145,0.11,0.03,0.33,0.185,0.045
1660,0.026666666666666665,0.01,0.013333333333333332,0.0,0.235,0.7,0.015
1661,0.015,0.035,0.055,0.05,0.03,0.745,0.07
1662,0.05,0.05,0.035,0.02,0.04,0.73,0.075
1663,0.065,0.025,0.11,0.035,0.05,0.645,0.07
1664,0.085,0.01,0.74,0.015,0.045,0.0175,0.0875
1665,0.075,0.01,0.135,0.0225,0.025,0.1,0.6325
1666,0.03,0.02,0.65,0.018000000000000002,0.005,0.1,0.177
1667,0.04,0.015,0.83,0.02,0.04,0.025,0.03
1668,0.4398452380952381,0.01,0.465154761904762,0.005,0.06,0.01,0.01
1669,0.035,0.005,0.765,0.01,0.005,0.0175,0.1625
1670,0.01,0.025,0.815,0.05,0.02,0.045,0.035
1671,0.105,0.03,0.74,0.02,0.09,0.005,0.01
1672,0.235,0.09,0.235,0.05,0.015,0.03,0.345
1673,0.175,0.03,0.73,0.015,0.035,0.0,0.015
1674,0.0825,0.02,0.8475,0.0,0.005,0.025,0.02
1675,0.115,0.085,0.69,0.0225,0.03,0.01,0.0475
1676,0.25,0.065,0.175,0.08,0.205,0.09,0.135
1677,0.1,0.415,0.205,0.075,0.025,0.09,0.09
1678,0.305,0.095,0.13,0.235,0.075,0.095,0.065
1679,0.06,0.08,0.17,0.19729166666666667,0.04,0.34770833333333334,0.105
1680,0.105,0.08,0.02,0.755,0.02,0.015,0.005
1681,0.07,0.065,0.03,0.635,0.12,0.025,0.055
1682,0.01,0.01,0.02,0.005,0.91,0.03,0.015
1683,0.045,0.005,0.035,0.0,0.53,0.01,0.375
1684,0.07,0.045,0.015,0.03,0.75,0.05,0.04
1685,0.02,0.01,0.05,0.005,0.845,0.03,0.04
1686,0.08,0.015,0.005,0.03,0.845,0.02,0.005
1687,0.025,0.025,0.01,0.005,0.92,0.01,0.005
1688,0.065,0.01,0.015,0.02,0.85,0.02,0.02
1689,0.075,0.01,0.035,0.01,0.84,0.01,0.02
1690,0.055,0.005,0.035,0.005,0.84,0.025,0.035
1691,0.14,0.05,0.035,0.015,0.665,0.08,0.015
1692,0.065,0.015,0.02,0.005,0.865,0.02,0.01
1693,0.04333333333333334,0.01,0.021666666666666664,0.0,0.9,0.005,0.02
1694,0.045,0.04,0.03,0.005,0.755,0.065,0.06
1695,0.13,0.035,0.1,0.025,0.66,0.035,0.015
1696,0.135,0.04,0.085,0.02,0.655,0.01,0.055
1697,0.2,0.24,0.08,0.03,0.245,0.15,0.055
1698,0.0875,0.025,0.0575,0.0,0.745,0.045,0.04
1699,0.225,0.025,0.215,0.01,0.405,0.03,0.09
1700,0.08,0.015,0.03,0.01,0.75,0.1,0.015
1701,0.03,0.815,0.035,0.04,0.025,0.025,0.03
1702,0.025,0.84,0.025,0.03,0.025,0.03,0.025
1703,0.005,0.96,0.01,0.005,0.01,0.0,0.01
1704,0.0,0.97,0.015,0.01,0.005,0.0,0.0
1705,0.02,0.895,0.03,0.025,0.005,0.02,0.005
1706,0.125,0.655,0.09,0.0425,0.015,0.055,0.0175
1707,0.12,0.72,0.1,0.035,0.005,0.005,0.015
1708,0.275,0.035,0.49,0.08,0.06,0.0,0.06
1709,0.035,0.935,0.02,0.005,0.0,0.0,0.005
1710,0.13375,0.185,0.08625,0.05,0.405,0.08,0.06
1711,0.73,0.015,0.07,0.055,0.035,0.04,0.055
1712,0.695,0.075,0.03,0.01,0.115,0.04,0.035
1713,0.8,0.01,0.155,0.015,0.005,0.005,0.01
1714,0.895,0.015,0.02,0.01,0.05,0.01,0.0
1715,0.545,0.24,0.055,0.055,0.025,0.05,0.03
1716,0.135,0.085,0.555,0.06,0.03,0.035,0.1
1717,0.885,0.015,0.05,0.0,0.035,0.005,0.01
1718,0.655,0.04,0.15,0.035,0.07,0.03,0.02
1719,0.77,0.02,0.1,0.03,0.025,0.015,0.04
1720,0.4398452380952381,0.01,0.465154761904762,0.005,0.06,0.01,0.01
1721,0.563,0.09,0.20199999999999999,0.015,0.065,0.02,0.045
1722,0.325,0.055,0.34,0.07,0.08,0.03,0.1
1723,0.88,0.01,0.08,0.015,0.01,0.0,0.005
1724,0.93,0.01,0.025,0.01,0.015,0.01,0.0
1725,0.4,0.065,0.13,0.09,0.11,0.1125,0.0925
1726,0.6908333333333334,0.04,0.12916666666666665,0.005,0.03,0.04,0.065
1727,0.685,0.03,0.045,0.015,0.125,0.02,0.08
1728,0.095,0.125,0.13,0.045,0.09,0.3,0.215
1729,0.0275,0.0375,0.05,0.02,0.015,0.025,0.825
1730,0.14416666666666667,0.075,0.25083333333333335,0.02,0.21,0.115,0.185
1731,0.025,0.03,0.035,0.005,0.055,0.03666666666666667,0.8133333333333335
1732,0.005,0.0,0.035,0.015,0.0,0.015,0.93
1733,0.035,0.015,0.145,0.024111111111111114,0.015,0.735,0.03088888888888889
1734,0.315,0.145,0.065,0.08,0.16,0.16,0.075
1735,0.205,0.095,0.025,0.015,0.03,0.62,0.01
1736,0.07,0.04,0.005,0.0,0.17,0.705,0.01
1737,0.055,0.12,0.09,0.06,0.055,0.59,0.03
1738,0.11333333333333334,0.025,0.15166666666666667,0.025,0.005,0.65,0.03
1739,0.105,0.01,0.41,0.005,0.04,0.08616666666666667,0.3438333333333333
1740,0.0625,0.01,0.7125,0.01,0.14,0.025,0.04
1741,0.14,0.01,0.735,0.02,0.05,0.025,0.02
1742,0.14,0.085,0.02,0.705,0.005,0.01,0.035
1743,0.095,0.025,0.03,0.685,0.015,0.11,0.04
1744,0.03,0.03,0.01,0.0,0.925,0.005,0.0
1745,0.0,0.0,0.01,0.01,0.98,0.0,0.0
1746,0.145,0.01,0.025,0.02,0.74,0.02,0.04
1747,0.013333333333333332,0.095,0.006666666666666666,0.0,0.88,0.005,0.0
1748,0.175,0.02,0.04,0.005,0.7,0.045,0.015
1749,0.035,0.005,0.0,0.0,0.955,0.005,0.0
1750,0.0125,0.7975,0.065,0.06,0.0,0.025,0.04
1751,0.025,0.925,0.005,0.02,0.02,0.005,0.0
1752,0.02,0.95,0.0,0.01,0.015,0.005,0.0
1753,0.945,0.005,0.025,0.0,0.01,0.0,0.015
1754,0.96,0.005,0.025,0.005,0.005,0.0,0.0
1755,0.79,0.06,0.035,0.03,0.06,0.01,0.015
1756,0.715,0.065,0.075,0.08375,0.005,0.04625,0.01
1757,0.78,0.035,0.03,0.005,0.12,0.02,0.01
1758,0.87375,0.02,0.04625,0.01,0.015,0.02,0.015
1759,0.82,0.065,0.03,0.02,0.045,0.01,0.01
1760,0.76,0.055,0.09,0.025,0.01,0.035,0.025
1761,0.495,0.11,0.12,0.045,0.18,0.05,0.0
1762,0.685,0.065,0.075,0.015,0.055,0.013999999999999999,0.091
1763,0.915,0.01,0.005,0.025,0.015,0.01,0.02
1764,0.845,0.01,0.02,0.0,0.105,0.015,0.005
1765,0.865,0.005,0.06,0.005,0.025,0.03,0.01
1766,0.89,0.0,0.065,0.005,0.02,0.01,0.01
1767,0.87,0.01,0.055,0.005,0.03,0.015,0.015
1768,0.895,0.02,0.06,0.01,0.005,0.005,0.005
1769,0.82,0.04,0.04,0.015,0.06,0.015,0.01
1770,0.82,0.065,0.03,0.02,0.045,0.01,0.01
1771,0.015,0.005,0.01,0.005,0.01,0.055,0.9
1772,0.165,0.015,0.025,0.035,0.05,0.025,0.685
1773,0.1225,0.075,0.1625,0.14,0.14,0.19,0.17
1774,0.105,0.015,0.73,0.05,0.0,0.085,0.015
1775,0.03,0.01,0.91,0.01,0.01,0.005,0.025
1776,0.025,0.02,0.01,0.005,0.925,0.0,0.015
1777,0.06,0.03,0.02,0.02,0.83,0.015,0.025
1778,0.07,0.1,0.11,0.02,0.645,0.045,0.01
1779,0.075,0.09,0.075,0.0,0.685,0.07,0.005
1780,0.125,0.605,0.025,0.12,0.09,0.015,0.02
1781,0.76,0.115,0.025,0.005,0.025,0.05,0.02
1782,0.825,0.015,0.025,0.035,0.075,0.02,0.005
1783,0.8875,0.0175,0.005,0.02,0.03,0.025,0.015
1784,0.78,0.085,0.04,0.03333333333333333,0.035,0.011666666666666667,0.015
1785,0.84,0.015,0.025,0.01,0.07,0.0,0.04
1786,0.5,0.035,0.13,0.08,0.12,0.06,0.075
1787,0.9,0.01,0.04,0.015,0.0,0.02,0.015
1788,0.7641666666666665,0.015,0.03583333333333333,0.02,0.11,0.015,0.04
1789,0.87,0.01,0.035,0.02,0.04,0.015,0.01
1790,0.3966666666666667,0.08,0.11333333333333334,0.045,0.185,0.11,0.07
1791,0.815,0.055,0.01,0.015,0.045,0.04,0.02
1792,0.5633333333333332,0.055,0.09666666666666666,0.015,0.1,0.085,0.085
1793,0.61,0.2,0.04,0.035,0.015,0.075,0.025
1794,0.82,0.035,0.015,0.06,0.03,0.025,0.015
1795,0.785,0.005,0.035,0.0,0.04,0.005,0.13
1796,0.675,0.045,0.05,0.005,0.11,0.045,0.07
1797,0.035,0.03,0.115,0.005,0.0,0.015,0.8
1798,0.06,0.285,0.09,0.035,0.1,0.235,0.195
1799,0.1,0.015,0.065,0.05,0.005,0.67,0.095
1800,0.015,0.02,0.875,0.005,0.005,0.01,0.07
1801,0.04,0.01,0.91,0.015,0.005,0.01,0.01
1802,0.1225,0.425,0.1875,0.11125,0.025,0.09,0.03875
1803,0.02,0.15,0.695,0.045,0.005,0.06,0.025
1804,0.04,0.01,0.91,0.015,0.005,0.01,0.01
1805,0.06,0.085,0.74,0.025,0.02,0.035,0.035
1806,0.05,0.055,0.71,0.0,0.05,0.095,0.04
1807,0.1,0.065,0.73,0.015,0.025,0.02,0.045
1808,0.055,0.1,0.8,0.005,0.005,0.015,0.02
1809,0.075,0.02,0.72,0.025,0.105,0.035,0.02
1810,0.085,0.025,0.73,0.05,0.03,0.03,0.05
1811,0.08,0.005,0.885,0.01,0.015,0.0,0.005
1812,0.155,0.03,0.045,0.59,0.095,0.05,0.035
1813,0.04,0.09,0.065,0.71,0.025,0.045,0.025
1814,0.01,0.005,0.015,0.945,0.01,0.0,0.015
1815,0.04,0.075,0.12,0.665,0.015,0.04,0.045
1816,0.035,0.015,0.035,0.005,0.895,0.01,0.005
1817,0.095,0.005,0.05,0.01,0.825,0.005,0.01
1818,0.06,0.015,0.045,0.0,0.845,0.02,0.015
1819,0.0,0.0,0.01,0.01,0.98,0.0,0.0
1820,0.09166666666666667,0.02,0.05833333333333333,0.025,0.635,0.015,0.155
1821,0.05,0.01,0.05,0.0,0.8,0.045,0.045
1822,0.035,0.02,0.005,0.015,0.905,0.0,0.02
1823,0.035,0.0,0.015,0.005,0.925,0.015,0.005
1824,0.22,0.035,0.01,0.005,0.635,0.03,0.065
1825,0.13,0.01,0.115,0.015,0.62,0.055,0.055
1826,0.04,0.025,0.05,0.015,0.815,0.04,0.015
1827,0.11,0.685,0.05,0.04,0.025,0.05,0.04
1828,0.055,0.9,0.03,0.0,0.015,0.0,0.0
1829,0.16,0.61,0.07,0.01,0.03,0.07,0.05
1830,0.445,0.235,0.085,0.0525,0.09,0.0375,0.055
1831,0.055,0.75,0.015,0.0,0.11,0.035,0.035
1832,0.05,0.695,0.07,0.0625,0.025,0.0575,0.04
1833,0.02,0.94,0.005,0.02,0.005,0.01,0.0
1834,0.045,0.86,0.015,0.02,0.035,0.015,0.01
1835,0.08,0.82,0.02,0.04,0.02,0.015,0.005
1836,0.05,0.73,0.07,0.055,0.03,0.045,0.02
1837,0.71,0.015,0.185,0.04,0.035,0.0,0.015
1838,0.81,0.035,0.03,0.03,0.02,0.04,0.035
1839,0.92,0.01,0.025,0.025,0.01,0.005,0.005
1840,0.825,0.035,0.025,0.01,0.03,0.05,0.025
1841,0.985,0.0,0.005,0.01,0.0,0.0,0.0
1842,0.77,0.02,0.055,0.01,0.13,0.005,0.01
1843,0.7866666666666667,0.0,0.10833333333333334,0.015,0.02,0.025,0.045
1844,0.79,0.06,0.055,0.02,0.045,0.005,0.025
1845,0.735,0.14,0.035,0.03,0.03,0.02,0.01
1846,0.835,0.015,0.045,0.02,0.065,0.015,0.005
1847,0.725,0.07,0.07,0.02,0.07,0.015,0.03
1848,0.78,0.02,0.03,0.08,0.035,0.04,0.015
1849,0.78,0.03,0.045,0.025,0.085,0.03,0.005
1850,0.91,0.02,0.035,0.0,0.025,0.005,0.005
1851,0.89,0.03,0.02,0.0175,0.02,0.0075,0.015
1852,0.34,0.225,0.255,0.035,0.11,0.01,0.025
1853,0.03,0.015,0.045,0.005,0.01,0.023166666666666665,0.8718333333333333
1854,0.0,0.0,0.01,0.005,0.005,0.0,0.98
1855,0.005,0.005,0.005,0.01,0.02,0.005,0.95
1856,0.005,0.005,0.005,0.01,0.02,0.005,0.95
1857,0.0,0.0,0.01,0.005,0.005,0.0,0.98
1858,0.005,0.005,0.005,0.01,0.02,0.005,0.95
1859,0.04,0.05,0.025,0.0,0.015,0.045,0.825
1860,0.095,0.03,0.01,0.015,0.185,0.64,0.025
1861,0.06,0.015,0.125,0.025,0.03,0.65,0.095
1862,0.055,0.035,0.065,0.08,0.02,0.72,0.025
1863,0.065,0.1,0.055,0.045,0.025,0.685,0.025
1864,0.0825,0.065,0.2175,0.08,0.025,0.05416666666666667,0.47583333333333333
1865,0.145,0.015,0.685,0.045,0.04,0.0,0.07
1866,0.2075,0.03,0.4875,0.025,0.01,0.175,0.065
1867,0.05,0.005,0.775,0.01,0.11,0.005,0.045
1868,0.27,0.055,0.445,0.06,0.035,0.065,0.07
1869,0.13333333333333333,0.011666666666666665,0.74,0.025,0.05,0.005,0.035
1870,0.42,0.17,0.145,0.045,0.03,0.025,0.165
1871,0.065,0.015,0.825,0.01,0.025,0.015,0.045
1872,0.145,0.06,0.71,0.01,0.055,0.01,0.01
1873,0.035,0.03,0.015,0.0,0.905,0.01,0.005
1874,0.055,0.02,0.09,0.05,0.71,0.04,0.035
1875,0.015,0.025,0.01,0.005,0.91,0.005,0.03
1876,0.04,0.02,0.005,0.005,0.88,0.005,0.045
1877,0.02,0.89,0.025,0.02,0.025,0.01,0.01
1878,0.13,0.62,0.07,0.04166666666666666,0.1,0.013333333333333332,0.025
1879,0.045,0.555,0.085,0.113,0.025,0.09699999999999999,0.08
1880,0.12,0.385,0.065,0.065,0.11,0.15,0.105
1881,0.76,0.01,0.095,0.02,0.04,0.03,0.045
1882,0.83,0.035,0.04,0.035,0.03,0.015,0.015
1883,0.95,0.005,0.02,0.01,0.01,0.005,0.0
1884,0.74,0.055,0.04,0.03,0.045,0.055,0.035
1885,0.745,0.02,0.045,0.065,0.025,0.06,0.04
1886,0.845,0.08,0.025,0.01,0.01,0.03,0.0
1887,0.765,0.01,0.14,0.025,0.015,0.015,0.03
1888,0.85,0.02,0.045,0.01,0.065,0.005,0.005
1889,0.865,0.025,0.05,0.01,0.025,0.0,0.025
1890,0.855,0.02,0.04,0.01,0.035,0.005,0.035
1891,0.95,0.01,0.025,0.005,0.0,0.01,0.0
1892,0.19,0.055,0.52,0.07,0.08,0.0,0.085
1893,0.77,0.05,0.075,0.035,0.03,0.015,0.025
1894,0.86,0.025,0.025,0.0125,0.05,0.0225,0.005
1895,0.715,0.035,0.175,0.005,0.025,0.005,0.04
1896,0.025,0.005,0.085,0.005,0.01,0.025,0.845
1897,0.025,0.0,0.04,0.005,0.015,0.04,0.875
1898,0.05,0.015,0.02,0.0575,0.025,0.0875,0.745
1899,0.025,0.015,0.01,0.025,0.0,0.095,0.83
1900,0.025,0.03,0.015,0.03833333333333334,0.01,0.3316666666666667,0.55
1901,0.035,0.18,0.11,0.145,0.02,0.42,0.09
1902,0.035,0.2,0.11,0.04625,0.02,0.515,0.07375
1903,0.09,0.01,0.7,0.04,0.035,0.035,0.09
1904,0.1991666666666667,0.14,0.18583333333333332,0.11675,0.055,0.23199999999999998,0.07125
1905,0.02,0.045,0.79,0.06,0.025,0.04,0.02
1906,0.11,0.005,0.78,0.015,0.05,0.025,0.015
1907,0.05,0.05,0.095,0.7,0.025,0.045,0.035
1908,0.05416666666666667,0.02,0.09583333333333333,0.71,0.01,0.01,0.1
1909,0.015,0.005,0.07,0.7725,0.005,0.1075,0.025
1910,0.07,0.075,0.025,0.7725,0.04,0.0175,0.0
1911,0.355,0.065,0.06,0.035,0.43,0.025,0.03
1912,0.215,0.01,0.045,0.015,0.69,0.01,0.015
1913,0.0,0.0,0.005,0.0,0.99,0.005,0.0
1914,0.33833333333333326,0.03,0.07166666666666666,0.02,0.445,0.04,0.055
1915,0.055,0.05,0.05,0.02,0.8,0.015,0.01
1916,0.01,0.005,0.0,0.0,0.97,0.01,0.005
1917,0.03,0.005,0.015,0.025,0.83,0.07,0.025
1918,0.175,0.515,0.06,0.105,0.075,0.03,0.04
1919,0.03,0.87,0.025,0.015,0.005,0.025,0.03
1920,0.0,0.98,0.0,0.005,0.01,0.0,0.005
1921,0.06166666666666667,0.5783333333333334,0.065,0.055,0.085,0.105,0.05
1922,0.87,0.05,0.03,0.01,0.03,0.005,0.005
1923,0.895,0.03,0.02,0.01,0.015,0.025,0.005
1924,0.895,0.03,0.02,0.01,0.015,0.025,0.005
1925,0.2075,0.0775,0.225,0.06,0.23,0.075,0.125
1926,0.7025,0.025,0.1025,0.02166666666666667,0.065,0.03833333333333334,0.045
1927,0.7175,0.045,0.1025,0.04,0.03,0.0325,0.0325
1928,0.845,0.06,0.045,0.015,0.025,0.01,0.0
1929,0.9,0.005,0.02,0.005,0.045,0.02,0.005
1930,0.645,0.01,0.04,0.05,0.015,0.065,0.175
1931,0.77,0.02,0.14,0.01,0.01,0.03,0.02
1932,0.87,0.01,0.015,0.0,0.1,0.005,0.0
1933,0.8,0.02,0.145,0.015,0.01,0.0,0.01
1934,0.695,0.03,0.08,0.04,0.02,0.065,0.07
1935,0.835,0.01,0.035,0.025,0.085,0.01,0.0
1936,0.025,0.005,0.06,0.0175,0.01,0.016666666666666666,0.8658333333333335
1937,0.12,0.095,0.685,0.035,0.035,0.03,0.0
1938,0.019166666666666665,0.04,0.8558333333333334,0.015,0.015,0.035,0.02
1939,0.29,0.115,0.06,0.08,0.375,0.015,0.065
1940,0.55875,0.075,0.09625,0.07,0.125,0.04,0.035
1941,0.67,0.055,0.075,0.015,0.055,0.05375,0.07625
1942,0.05,0.04,0.735,0.03,0.005,0.055,0.085
1943,0.03,0.1,0.06,0.745,0.025,0.015,0.025
1944,0.055,0.085,0.17,0.005,0.625,0.02,0.04
1945,0.11,0.025,0.075,0.005,0.745,0.025,0.015
1946,0.035,0.91,0.015,0.015,0.02,0.005,0.0
1947,0.725,0.03,0.115,0.065,0.01,0.03,0.025
1948,0.23166666666666663,0.05,0.30333333333333334,0.035,0.205,0.05,0.125
1949,0.765,0.055,0.045,0.045,0.05,0.015,0.025
1950,0.845,0.035,0.04,0.01,0.025,0.02,0.025
1951,0.935,0.0,0.025,0.005,0.01,0.02,0.005
1952,0.82,0.03,0.04,0.025,0.045,0.015,0.025
1953,0.89,0.02,0.025,0.015,0.02,0.01,0.02
1954,0.275,0.145,0.175,0.06,0.205,0.05,0.09
1955,0.1,0.0,0.06,0.02,0.015,0.77,0.035
1956,0.035,0.03,0.66,0.0,0.2,0.04,0.035
1957,0.035,0.03,0.795,0.027999999999999997,0.04,0.037000000000000005,0.035
1958,0.066,0.005,0.7190000000000001,0.005,0.08,0.04,0.085
1959,0.0625,0.72,0.1175,0.025,0.015,0.025,0.035
